Workbook
Name _QR001: [1]Control!$H$2
Name _QR001: [1]Control!$H$2
Name _QR001: [1]Control!$H$2
Name _QR001: [1]Control!$H$2
Name _QR001: [2]Control!$H$2
Name _QR002: [1]Control!$H$3
Name _QR002: [1]Control!$H$3
Name _QR002: [1]Control!$H$3
Name _QR002: [1]Control!$H$3
Name _QR002: [2]Control!$H$3
Name _QR003: [1]Control!$H$4
Name _QR003: [1]Control!$H$4
Name _QR003: [1]Control!$H$4
Name _QR003: [1]Control!$H$4
Name _QR003: [2]Control!$H$4
Name _QR004: [1]Control!$H$5
Name _QR004: [1]Control!$H$5
Name _QR004: [1]Control!$H$5
Name _QR004: [1]Control!$H$5
Name _QR004: [2]Control!$H$5
Name _QR011: [1]Control!$I$2
Name _QR011: [1]Control!$I$2
Name _QR011: [1]Control!$I$2
Name _QR011: [1]Control!$I$2
Name _QR011: [2]Control!$I$2
Name _QR012: [1]Control!$I$3
Name _QR012: [1]Control!$I$3
Name _QR012: [1]Control!$I$3
Name _QR012: [1]Control!$I$3
Name _QR012: [2]Control!$I$3
Name _QR013: [1]Control!$I$4
Name _QR013: [1]Control!$I$4
Name _QR013: [1]Control!$I$4
Name _QR013: [1]Control!$I$4
Name _QR013: [2]Control!$I$4
Name _QR014: [1]Control!$I$5
Name _QR014: [1]Control!$I$5
Name _QR014: [1]Control!$I$5
Name _QR014: [1]Control!$I$5
Name _QR014: [2]Control!$I$5
Name _QR021: [1]Control!$J$2
Name _QR021: [1]Control!$J$2
Name _QR021: [1]Control!$J$2
Name _QR021: [1]Control!$J$2
Name _QR021: [2]Control!$J$2
Name _QR022: [1]Control!$J$3
Name _QR022: [1]Control!$J$3
Name _QR022: [1]Control!$J$3
Name _QR022: [1]Control!$J$3
Name _QR022: [2]Control!$J$3
Name _QR023: [1]Control!$J$4
Name _QR023: [1]Control!$J$4
Name _QR023: [1]Control!$J$4
Name _QR023: [1]Control!$J$4
Name _QR023: [2]Control!$J$4
Name _QR024: [1]Control!$J$5
Name _QR024: [1]Control!$J$5
Name _QR024: [1]Control!$J$5
Name _QR024: [1]Control!$J$5
Name _QR024: [2]Control!$J$5

Sheet Quarter (nominal value)
A2: Amount outstanding of debt securities issued in domestic market at nominal value
A3: (on date)
A4: Millions of Rubles
B5: 41275 | C5: 41365 | D5: 41456 | E5: 41548 | F5: 41640 | G5: 41730 | H5: 41821 | I5: 41913 | J5: 42005 | K5: 42095 | L5: 42186 | M5: 42278 | N5: 42370 | O5: 42461 | P5: 42552 | Q5: 42644 | R5: 42736 | S5: 42826 | T5: 42917 | U5: 43009 | V5: 43101 | W5: 43191 | X5: 43282 | Y5: 43374 | Z5: 01.01.2019* | AA5: 43556 | AB5: 43647 | AC5: 43739 | AD5: 43831 | AE5: 43922 | AF5: 44013 | AG5: 44105 | AH5: 44197 | AI5: 44287 | AJ5: 44378 | AK5: 44470 | AL5: 44562 | AM5: 44652 | AN5: 44743 | AO5: 44835 | AP5: 44927 | AQ5: 45017 | AR5: 45108 | AS5: 45200 | AT5: 45292 | AU5: 45383 | AV5: 45474 | AW5: 45566 | AX5: 45658 | AY5: 45748 | AZ5: 45839 | BA5: 45931 | BB5: 46023
A6: Amount outstanding of debt securities - total
A7: Total | B7: 8516504 | C7: 8613445 | D7: 8913700 | E7: 9286909 | F7: 9779946 | G7: 9955872 | H7: 10060011 | I7: 10296614 | J7: 12237465 | K7: 12555631 | L7: 12883426 | M7: 13064426 | N7: 13600298 | O7: 13669956 | P7: 14264113 | Q7: 14479652 | R7: 15616388 | S7: 16197232 | T7: 16941460 | U7: 17847276 | V7: 19144405 | W7: 20235101 | X7: 20465232 | Y7: 20991227 | Z7: 21227588 | AA7: 21908808 | AB7: 23182889 | AC7: 22978950 | AD7: 25070699 | AE7: 25633288 | AF7: 25715007 | AG7: 27474233 | AH7: 31557716 | AI7: 32049396 | AJ7: 32805309 | AK7: 33891217 | AL7: 33895352 | AM7: 33712879 | AN7: 33186753 | AO7: 33644123 | AP7: 38196529 | AQ7: 39686752 | AR7: 41532038 | AS7: 43293476 | AT7: 45350008 | AU7: 46859535 | AV7: 47485869 | AW7: 49734403 | AX7: 56954626 | AY7: 57945806 | AZ7: 60519471 | BA7: 63791443 | BB7: 68005551
A8: Short-term | B8: 13000 | C8: 15000 | D8: 15000 | E8: 15000 | F8: 2000 | G8: 873 | H8: 15873 | I8: 15873 | J8: 0 | K8: 0 | L8: 0 | M8: 0 | N8: 0 | O8: 3000 | P8: 3010 | Q8: 3416 | R8: 4086 | S8: 71413 | T8: 81738 | U8: 165588 | V8: 399890 | W8: 1225796 | X8: 1196256 | Y8: 1540427 | Z8: 1396218 | AA8: 1537398 | AB8: 1814693 | AC8: 981499 | AD8: 2115601 | AE8: 1713463 | AF8: 871475 | AG8: 958202 | AH8: 707112 | AI8: 756482 | AJ8: 723835 | AK8: 691104 | AL8: 154503 | AM8: 147605 | AN8: 139711 | AO8: 234748 | AP8: 208173 | AQ8: 196119 | AR8: 154967 | AS8: 296876 | AT8: 347640 | AU8: 461426 | AV8: 446933 | AW8: 348862 | AX8: 411058 | AY8: 460775 | AZ8: 487419 | BA8: 553905 | BB8: 492925
A9: Long-term | B9: 8503504 | C9: 8598445 | D9: 8898700 | E9: 9271909 | F9: 9777946 | G9: 9954999 | H9: 10044138 | I9: 10280741 | J9: 12237465 | K9: 12555631 | L9: 12883426 | M9: 13064426 | N9: 13600298 | O9: 13666956 | P9: 14261103 | Q9: 14476237 | R9: 15612302 | S9: 16125819 | T9: 16859722 | U9: 17681688 | V9: 18744515 | W9: 19009304 | X9: 19268976 | Y9: 19450800 | Z9: 19831370 | AA9: 20371410 | AB9: 21368196 | AC9: 21997452 | AD9: 22955098 | AE9: 23919825 | AF9: 24843532 | AG9: 26516032 | AH9: 30850604 | AI9: 31292914 | AJ9: 32081473 | AK9: 33200113 | AL9: 33740849 | AM9: 33565274 | AN9: 33047042 | AO9: 33409375 | AP9: 37988356 | AQ9: 39490634 | AR9: 41377071 | AS9: 42996601 | AT9: 45002368 | AU9: 46398109 | AV9: 47038936 | AW9: 49385541 | AX9: 56543568 | AY9: 57485031 | AZ9: 60032052 | BA9: 63237538 | BB9: 67512626
A10: Long term, with a remaining maturity up to and including 1 year | Z10: 1222726 | AA10: 1401520 | AB10: 1478618 | AC10: 1431756 | AD10: 1768259 | AE10: 2171695 | AF10: 2410824 | AG10: 2860092 | AH10: 2799286 | AI10: 2338287 | AJ10: 1928866 | AK10: 1984694 | AL10: 2261708 | AM10: 2505181 | AN10: 2582574 | AO10: 2678935 | AP10: 2357902 | AQ10: 2588135 | AR10: 2888416 | AS10: 2976886 | AT10: 3451840 | AU10: 3738375 | AV10: 3584464 | AW10: 3852394 | AX10: 4559632 | AY10: 4468526 | AZ10: 5087753 | BA10: 5750697 | BB10: 5874459
A11: Long term, with a remaining maturity more than 1 year | Z11: 18608644 | AA11: 18969891 | AB11: 19889578 | AC11: 20565696 | AD11: 21186839 | AE11: 21748130 | AF11: 22432709 | AG11: 23655940 | AH11: 28051318 | AI11: 28954626 | AJ11: 30152607 | AK11: 31215419 | AL11: 31479141 | AM11: 31060093 | AN11: 30464468 | AO11: 30730440 | AP11: 35630455 | AQ11: 36902499 | AR11: 38488655 | AS11: 40019715 | AT11: 41550528 | AU11: 42659734 | AV11: 43454472 | AW11: 45533147 | AX11: 51983936 | AY11: 53016506 | AZ11: 54944299 | BA11: 57486841 | BB11: 61638167
A12: Central bank | B12: 0 | C12: 0 | D12: 0 | E12: 0 | F12: 0 | G12: 0 | H12: 0 | I12: 0 | J12: 0 | K12: 0 | L12: 0 | M12: 0 | N12: 0 | O12: 0 | P12: 0 | Q12: 0 | R12: 0 | S12: 0 | T12: 0 | U12: 149530 | V12: 352321 | W12: 1128680 | X12: 1112149 | Y12: 1486459 | Z12: 1374230 | AA12: 1500000 | AB12: 1700000 | AC12: 800000 | AD12: 1936705 | AE12: 1544228 | AF12: 708128 | AG12: 818535 | AH12: 574227 | AI12: 645069 | AJ12: 626380 | AK12: 603353 | AL12: 0 | AM12: 0 | AN12: 0 | AO12: 0 | AP12: 0 | AQ12: 0 | AR12: 0 | AS12: 0 | AT12: 0 | AU12: 0 | AV12: 0 | AW12: 0 | AX12: 0 | AY12: 0 | AZ12: 0 | BA12: 0 | BB12: 0
A13: Short-term | B13: 0 | C13: 0 | D13: 0 | E13: 0 | F13: 0 | G13: 0 | H13: 0 | I13: 0 | J13: 0 | K13: 0 | L13: 0 | M13: 0 | N13: 0 | O13: 0 | P13: 0 | Q13: 0 | R13: 0 | S13: 0 | T13: 0 | U13: 149530 | V13: 352321 | W13: 1128680 | X13: 1112149 | Y13: 1486459 | Z13: 1374230 | AA13: 1500000 | AB13: 1700000 | AC13: 800000 | AD13: 1936705 | AE13: 1544228 | AF13: 708128 | AG13: 818535 | AH13: 574227 | AI13: 645069 | AJ13: 626380 | AK13: 603353 | AL13: 0 | AM13: 0 | AN13: 0 | AO13: 0 | AP13: 0 | AQ13: 0 | AR13: 0 | AS13: 0 | AT13: 0 | AU13: 0 | AV13: 0 | AW13: 0 | AX13: 0 | AY13: 0 | AZ13: 0 | BA13: 0 | BB13: 0
A14: Long-term | B14: 0 | C14: 0 | D14: 0 | E14: 0 | F14: 0 | G14: 0 | H14: 0 | I14: 0 | J14: 0 | K14: 0 | L14: 0 | M14: 0 | N14: 0 | O14: 0 | P14: 0 | Q14: 0 | R14: 0 | S14: 0 | T14: 0 | U14: 0 | V14: 0 | W14: 0 | X14: 0 | Y14: 0 | Z14: 0 | AA14: 0 | AB14: 0 | AC14: 0 | AD14: 0 | AE14: 0 | AF14: 0 | AG14: 0 | AH14: 0 | AI14: 0 | AJ14: 0 | AK14: 0 | AL14: 0 | AM14: 0 | AN14: 0 | AO14: 0 | AP14: 0 | AQ14: 0 | AR14: 0 | AS14: 0 | AT14: 0 | AU14: 0 | AV14: 0 | AW14: 0 | AX14: 0 | AY14: 0 | AZ14: 0 | BA14: 0 | BB14: 0
A15: Long term, with a remaining maturity up to and including 1 year | Z15: 0 | AA15: 0 | AB15: 0 | AC15: 0 | AD15: 0 | AE15: 0 | AF15: 0 | AG15: 0 | AH15: 0 | AI15: 0 | AJ15: 0 | AK15: 0 | AL15: 0 | AM15: 0 | AN15: 0 | AO15: 0 | AP15: 0 | AQ15: 0 | AR15: 0 | AS15: 0 | AT15: 0 | AU15: 0 | AV15: 0 | AW15: 0 | AX15: 0 | AY15: 0 | AZ15: 0 | BA15: 0 | BB15: 0
A16: Long term, with a remaining maturity more than 1 year | Z16: 0 | AA16: 0 | AB16: 0 | AC16: 0 | AD16: 0 | AE16: 0 | AF16: 0 | AG16: 0 | AH16: 0 | AI16: 0 | AJ16: 0 | AK16: 0 | AL16: 0 | AM16: 0 | AN16: 0 | AO16: 0 | AP16: 0 | AQ16: 0 | AR16: 0 | AS16: 0 | AT16: 0 | AU16: 0 | AV16: 0 | AW16: 0 | AX16: 0 | AY16: 0 | AZ16: 0 | BA16: 0 | BB16: 0
A17: Other depository corporations | B17: 1136389 | C17: 1219871 | D17: 1233855 | E17: 1306554 | F17: 1354406 | G17: 1337946 | H17: 1379623 | I17: 1420707 | J17: 1518473 | K17: 1517104 | L17: 1570534 | M17: 1545062 | N17: 1585148 | O17: 1489579 | P17: 1526017 | Q17: 1468339 | R17: 1464342 | S17: 1533122 | T17: 1663764 | U17: 1576772 | V17: 1669698 | W17: 1733448 | X17: 1683752 | Y17: 1802302 | Z17: 1861298 | AA17: 1943799 | AB17: 2092528 | AC17: 2264869 | AD17: 2407513 | AE17: 2482443 | AF17: 2426205 | AG17: 2524372 | AH17: 2743925 | AI17: 2831494 | AJ17: 2983903 | AK17: 3061149 | AL17: 3229968 | AM17: 3118855 | AN17: 2911401 | AO17: 2846795 | AP17: 2872688 | AQ17: 2977694 | AR17: 3040516 | AS17: 3046477 | AT17: 3041046 | AU17: 3155764 | AV17: 3293820 | AW17: 3349328 | AX17: 3382139 | AY17: 3208091 | AZ17: 3206508 | BA17: 3259097 | BB17: 3232770
A18: Short-term | B18: 0 | C18: 0 | D18: 0 | E18: 0 | F18: 0 | G18: 0 | H18: 0 | I18: 0 | J18: 0 | K18: 0 | L18: 0 | M18: 0 | N18: 0 | O18: 0 | P18: 10 | Q18: 316 | R18: 956 | S18: 58233 | T18: 81500 | U18: 12860 | V18: 37360 | W18: 34587 | X18: 32687 | Y18: 28946 | Z18: 10288 | AA18: 13271 | AB18: 69855 | AC18: 151177 | AD18: 167664 | AE18: 167411 | AF18: 160701 | AG18: 133026 | AH18: 124089 | AI18: 96165 | AJ18: 67659 | AK18: 66474 | AL18: 90960 | AM18: 72307 | AN18: 66508 | AO18: 67388 | AP18: 28684 | AQ18: 67926 | AR18: 74486 | AS18: 169336 | AT18: 125709 | AU18: 203699 | AV18: 157076 | AW18: 146855 | AX18: 112855 | AY18: 101459 | AZ18: 80668 | BA18: 96079 | BB18: 124101
A19: Long-term | B19: 1136389 | C19: 1219871 | D19: 1233855 | E19: 1306554 | F19: 1354406 | G19: 1337946 | H19: 1379623 | I19: 1420707 | J19: 1518473 | K19: 1517104 | L19: 1570534 | M19: 1545062 | N19: 1585148 | O19: 1489579 | P19: 1526008 | Q19: 1468023 | R19: 1463386 | S19: 1474889 | T19: 1582264 | U19: 1563912 | V19: 1632338 | W19: 1698862 | X19: 1651065 | Y19: 1773356 | Z19: 1851011 | AA19: 1930528 | AB19: 2022672 | AC19: 2113692 | AD19: 2239850 | AE19: 2315032 | AF19: 2265505 | AG19: 2391347 | AH19: 2619837 | AI19: 2735329 | AJ19: 2916244 | AK19: 2994675 | AL19: 3139008 | AM19: 3046548 | AN19: 2844893 | AO19: 2779406 | AP19: 2844003 | AQ19: 2909768 | AR19: 2966030 | AS19: 2877141 | AT19: 2915338 | AU19: 2952064 | AV19: 3136744 | AW19: 3202473 | AX19: 3269283 | AY19: 3106632 | AZ19: 3125840 | BA19: 3163018 | BB19: 3108669
A20: Long term, with a remaining maturity up to and including 1 year | Z20: 151691 | AA20: 190111 | AB20: 255214 | AC20: 242852 | AD20: 281021 | AE20: 329973 | AF20: 338530 | AG20: 456594 | AH20: 454808 | AI20: 499447 | AJ20: 505469 | AK20: 432210 | AL20: 451371 | AM20: 419510 | AN20: 445176 | AO20: 497395 | AP20: 609957 | AQ20: 590743 | AR20: 596109 | AS20: 580480 | AT20: 569123 | AU20: 671192 | AV20: 578336 | AW20: 595246 | AX20: 530780 | AY20: 395702 | AZ20: 585002 | BA20: 565283 | BB20: 591706
A21: Long term, with a remaining maturity more than 1 year | Z21: 1699320 | AA21: 1740417 | AB21: 1767459 | AC21: 1870840 | AD21: 1958828 | AE21: 1985059 | AF21: 1926975 | AG21: 1934752 | AH21: 2165028 | AI21: 2235882 | AJ21: 2410775 | AK21: 2562465 | AL21: 2687637 | AM21: 2627038 | AN21: 2399718 | AO21: 2282011 | AP21: 2234047 | AQ21: 2319025 | AR21: 2369921 | AS21: 2296661 | AT21: 2346215 | AU21: 2280873 | AV21: 2558408 | AW21: 2607226 | AX21: 2738504 | AY21: 2710930 | AZ21: 2540837 | BA21: 2597736 | BB21: 2516962
A22: Insurance corporations | B22: 15000 | C22: 15000 | D22: 18000 | E22: 18000 | F22: 18000 | G22: 18000 | H22: 18000 | I22: 18000 | J22: 13000 | K22: 13000 | L22: 13000 | M22: 13000 | N22: 13000 | O22: 13000 | P22: 13000 | Q22: 13000 | R22: 13000 | S22: 13000 | T22: 17000 | U22: 12000 | V22: 7000 | W22: 7000 | X22: 7000 | Y22: 7000 | Z22: 7000 | AA22: 7000 | AB22: 7000 | AC22: 4000 | AD22: 7000 | AE22: 7343 | AF22: 7157 | AG22: 7329 | AH22: 7161 | AI22: 7329 | AJ22: 7127 | AK22: 7266 | AL22: 4068 | AM22: 4137 | AN22: 0 | AO22: 0 | AP22: 0 | AQ22: 0 | AR22: 0 | AS22: 0 | AT22: 0 | AU22: 0 | AV22: 0 | AW22: 0 | AX22: 0 | AY22: 0 | AZ22: 0 | BA22: 0 | BB22: 0
A23: Short-term | B23: 0 | C23: 0 | D23: 0 | E23: 0 | F23: 0 | G23: 0 | H23: 0 | I23: 0 | J23: 0 | K23: 0 | L23: 0 | M23: 0 | N23: 0 | O23: 0 | P23: 0 | Q23: 0 | R23: 0 | S23: 0 | T23: 0 | U23: 0 | V23: 0 | W23: 0 | X23: 0 | Y23: 0 | Z23: 0 | AA23: 0 | AB23: 0 | AC23: 0 | AD23: 0 | AE23: 0 | AF23: 0 | AG23: 0 | AH23: 0 | AI23: 0 | AJ23: 0 | AK23: 0 | AL23: 0 | AM23: 0 | AN23: 0 | AO23: 0 | AP23: 0 | AQ23: 0 | AR23: 0 | AS23: 0 | AT23: 0 | AU23: 0 | AV23: 0 | AW23: 0 | AX23: 0 | AY23: 0 | AZ23: 0 | BA23: 0 | BB23: 0
A24: Long-term | B24: 15000 | C24: 15000 | D24: 18000 | E24: 18000 | F24: 18000 | G24: 18000 | H24: 18000 | I24: 18000 | J24: 13000 | K24: 13000 | L24: 13000 | M24: 13000 | N24: 13000 | O24: 13000 | P24: 13000 | Q24: 13000 | R24: 13000 | S24: 13000 | T24: 17000 | U24: 12000 | V24: 7000 | W24: 7000 | X24: 7000 | Y24: 7000 | Z24: 7000 | AA24: 7000 | AB24: 7000 | AC24: 4000 | AD24: 7000 | AE24: 7343 | AF24: 7157 | AG24: 7329 | AH24: 7161 | AI24: 7329 | AJ24: 7127 | AK24: 7266 | AL24: 4068 | AM24: 4137 | AN24: 0 | AO24: 0 | AP24: 0 | AQ24: 0 | AR24: 0 | AS24: 0 | AT24: 0 | AU24: 0 | AV24: 0 | AW24: 0 | AX24: 0 | AY24: 0 | AZ24: 0 | BA24: 0 | BB24: 0
A25: Long term, with a remaining maturity up to and including 1 year | Z25: 0 | AA25: 0 | AB25: 0 | AC25: 0 | AD25: 0 | AE25: 0 | AF25: 0 | AG25: 0 | AH25: 0 | AI25: 0 | AJ25: 4066 | AK25: 4137 | AL25: 4068 | AM25: 4137 | AN25: 0 | AO25: 0 | AP25: 0 | AQ25: 0 | AR25: 0 | AS25: 0 | AT25: 0 | AU25: 0 | AV25: 0 | AW25: 0 | AX25: 0 | AY25: 0 | AZ25: 0 | BA25: 0 | BB25: 0
A26: Long term, with a remaining maturity more than 1 year | Z26: 7000 | AA26: 7000 | AB26: 7000 | AC26: 4000 | AD26: 7000 | AE26: 7343 | AF26: 7157 | AG26: 7329 | AH26: 7161 | AI26: 7329 | AJ26: 3061 | AK26: 3129 | AL26: 0 | AM26: 0 | AN26: 0 | AO26: 0 | AP26: 0 | AQ26: 0 | AR26: 0 | AS26: 0 | AT26: 0 | AU26: 0 | AV26: 0 | AW26: 0 | AX26: 0 | AY26: 0 | AZ26: 0 | BA26: 0 | BB26: 0
A27: Other financial corporations | B27: 1045141 | C27: 1137851 | D27: 1174287 | E27: 1264231 | F27: 1318061 | G27: 1477360 | H27: 1504747 | I27: 1696463 | J27: 1860427 | K27: 1879853 | L27: 1914413 | M27: 2042641 | N27: 2144131 | O27: 2161609 | P27: 2279290 | Q27: 2323136 | R27: 2389775 | S27: 2442657 | T27: 2618180 | U27: 2706812 | V27: 2702325 | W27: 2780284 | X27: 2778325 | Y27: 2693537 | Z27: 2695018 | AA27: 2776390 | AB27: 2886916 | AC27: 2858992 | AD27: 3105320 | AE27: 3267800 | AF27: 3234397 | AG27: 3351864 | AH27: 3784229 | AI27: 3700135 | AJ27: 3566143 | AK27: 3696683 | AL27: 4171144 | AM27: 4111166 | AN27: 4062242 | AO27: 4533378 | AP27: 6094704 | AQ27: 6787469 | AR27: 7420943 | AS27: 8754756 | AT27: 10005320 | AU27: 10336511 | AV27: 10522935 | AW27: 11520139 | AX27: 13213373 | AY27: 13065965 | AZ27: 13282786 | BA27: 14232954 | BB27: 15063823
A28: Short-term | B28: 0 | C28: 0 | D28: 0 | E28: 0 | F28: 0 | G28: 873 | H28: 873 | I28: 873 | J28: 0 | K28: 0 | L28: 0 | M28: 0 | N28: 0 | O28: 0 | P28: 0 | Q28: 0 | R28: 30 | S28: 80 | T28: 108 | U28: 138 | V28: 148 | W28: 50759 | X28: 40430 | Y28: 14062 | Z28: 8490 | AA28: 20926 | AB28: 41838 | AC28: 25272 | AD28: 8142 | AE28: 1632 | AF28: 2454 | AG28: 6399 | AH28: 8332 | AI28: 14784 | AJ28: 29394 | AK28: 21063 | AL28: 56867 | AM28: 62344 | AN28: 63029 | AO28: 113361 | AP28: 89672 | AQ28: 83953 | AR28: 78293 | AS28: 109835 | AT28: 126842 | AU28: 139768 | AV28: 217461 | AW28: 163646 | AX28: 277729 | AY28: 331171 | AZ28: 351154 | BA28: 400632 | BB28: 330915
A29: Long-term | B29: 1045141 | C29: 1137851 | D29: 1174287 | E29: 1264231 | F29: 1318061 | G29: 1476487 | H29: 1503874 | I29: 1695590 | J29: 1860427 | K29: 1879853 | L29: 1914413 | M29: 2042641 | N29: 2144131 | O29: 2161609 | P29: 2279290 | Q29: 2323136 | R29: 2389745 | S29: 2442577 | T29: 2618071 | U29: 2706673 | V29: 2702176 | W29: 2729525 | X29: 2737895 | Y29: 2679475 | Z29: 2686528 | AA29: 2755464 | AB29: 2845078 | AC29: 2833720 | AD29: 3097178 | AE29: 3266168 | AF29: 3231942 | AG29: 3345465 | AH29: 3775897 | AI29: 3685351 | AJ29: 3536750 | AK29: 3675620 | AL29: 4114277 | AM29: 4048822 | AN29: 3999213 | AO29: 4420016 | AP29: 6005032 | AQ29: 6703517 | AR29: 7342650 | AS29: 8644921 | AT29: 9878479 | AU29: 10196743 | AV29: 10305475 | AW29: 11356493 | AX29: 12935644 | AY29: 12734795 | AZ29: 12931632 | BA29: 13832322 | BB29: 14732908
A30: Long term, with a remaining maturity up to and including 1 year | Z30: 113608 | AA30: 109746 | AB30: 153350 | AC30: 146871 | AD30: 173871 | AE30: 243887 | AF30: 539083 | AG30: 612969 | AH30: 566943 | AI30: 536633 | AJ30: 230278 | AK30: 152532 | AL30: 194369 | AM30: 192058 | AN30: 164135 | AO30: 198101 | AP30: 206753 | AQ30: 254680 | AR30: 296754 | AS30: 424006 | AT30: 441890 | AU30: 536991 | AV30: 690654 | AW30: 822063 | AX30: 1413237 | AY30: 1324575 | AZ30: 1213840 | BA30: 1601036 | BB30: 1142072
A31: Long term, with a remaining maturity more than 1 year | Z31: 2572921 | AA31: 2645718 | AB31: 2691728 | AC31: 2686850 | AD31: 2923308 | AE31: 3022282 | AF31: 2692860 | AG31: 2732497 | AH31: 3208954 | AI31: 3148718 | AJ31: 3306472 | AK31: 3523088 | AL31: 3919907 | AM31: 3856764 | AN31: 3835078 | AO31: 4221915 | AP31: 5798279 | AQ31: 6448837 | AR31: 7045896 | AS31: 8220915 | AT31: 9436589 | AU31: 9659753 | AV31: 9614820 | AW31: 10534430 | AX31: 11522407 | AY31: 11410219 | AZ31: 11717792 | BA31: 12231287 | BB31: 13590835
A32: General government | B32: 4414257 | C32: 4233274 | D32: 4415712 | E32: 4569162 | F32: 4859751 | G32: 4857140 | H32: 4896539 | I32: 4892619 | J32: 5892743 | K32: 5791168 | L32: 5864372 | M32: 5829353 | N32: 6012760 | O32: 6117163 | P32: 6258021 | Q32: 6272802 | R32: 6586035 | S32: 6947083 | T32: 7116831 | U32: 7572861 | V32: 7820146 | W32: 7879971 | X32: 8135309 | Y32: 8261275 | Z32: 8462574 | AA32: 8804502 | AB32: 9456789 | AC32: 9945470 | AD32: 10146562 | AE32: 10571931 | AF32: 11480294 | AG32: 12796005 | AH32: 15325835 | AI32: 16012522 | AJ32: 16847854 | AK32: 17352866 | AL32: 17081503 | AM32: 17205947 | AN32: 17255435 | AO32: 16828191 | AP32: 19559128 | AQ32: 20118883 | AR32: 21002129 | AS32: 21322717 | AT32: 21852925 | AU32: 22333044 | AV32: 22436962 | AW32: 22758722 | AX32: 26946518 | AY32: 27605549 | AZ32: 28982557 | BA32: 30200873 | BB32: 33429770
A33: Short-term | B33: 0 | C33: 0 | D33: 0 | E33: 0 | F33: 0 | G33: 0 | H33: 0 | I33: 0 | J33: 0 | K33: 0 | L33: 0 | M33: 0 | N33: 0 | O33: 0 | P33: 0 | Q33: 0 | R33: 0 | S33: 0 | T33: 0 | U33: 0 | V33: 0 | W33: 0 | X33: 0 | Y33: 0 | Z33: 3000 | AA33: 3000 | AB33: 3000 | AC33: 3000 | AD33: 0 | AE33: 0 | AF33: 0 | AG33: 0 | AH33: 0 | AI33: 0 | AJ33: 0 | AK33: 0 | AL33: 0 | AM33: 5416 | AN33: 5570 | AO33: 5417 | AP33: 5574 | AQ33: 0 | AR33: 0 | AS33: 15052 | AT33: 60200 | AU33: 59928 | AV33: 6363 | AW33: 4363 | AX33: 0 | AY33: 0 | AZ33: 0 | BA33: 0 | BB33: 0
A34: Long-term | B34: 4414257 | C34: 4233274 | D34: 4415712 | E34: 4569162 | F34: 4859751 | G34: 4857140 | H34: 4896539 | I34: 4892619 | J34: 5892743 | K34: 5791168 | L34: 5864372 | M34: 5829353 | N34: 6012760 | O34: 6117163 | P34: 6258021 | Q34: 6272802 | R34: 6586035 | S34: 6947083 | T34: 7116831 | U34: 7572861 | V34: 7820146 | W34: 7879971 | X34: 8135309 | Y34: 8261275 | Z34: 8459574 | AA34: 8801502 | AB34: 9453789 | AC34: 9942470 | AD34: 10146562 | AE34: 10571931 | AF34: 11480294 | AG34: 12796005 | AH34: 15325835 | AI34: 16012522 | AJ34: 16847854 | AK34: 17352866 | AL34: 17081503 | AM34: 17200532 | AN34: 17249865 | AO34: 16822774 | AP34: 19553554 | AQ34: 20118883 | AR34: 21002129 | AS34: 21307665 | AT34: 21792726 | AU34: 22273116 | AV34: 22430599 | AW34: 22754359 | AX34: 26946518 | AY34: 27605549 | AZ34: 28982557 | BA34: 30200873 | BB34: 33429770
A35: Long term, with a remaining maturity up to and including 1 year | Z35: 728232 | AA35: 818588 | AB35: 807334 | AC35: 824086 | AD35: 565997 | AE35: 413026 | AF35: 310002 | AG35: 583059 | AH35: 1037677 | AI35: 948081 | AJ35: 809296 | AK35: 977403 | AL35: 1111038 | AM35: 1270470 | AN35: 1282520 | AO35: 1331627 | AP35: 901307 | AQ35: 1129081 | AR35: 1471083 | AS35: 1374332 | AT35: 1584551 | AU35: 1624414 | AV35: 1309235 | AW35: 1425173 | AX35: 1514274 | AY35: 1643947 | AZ35: 1848192 | BA35: 1793077 | BB35: 1697711
A36: Long term, with a remaining maturity more than 1 year | Z36: 7731342 | AA36: 7982915 | AB36: 8646455 | AC36: 9118384 | AD36: 9580565 | AE36: 10158905 | AF36: 11170292 | AG36: 12212945 | AH36: 14288158 | AI36: 15064441 | AJ36: 16038558 | AK36: 16375463 | AL36: 15970465 | AM36: 15930062 | AN36: 15967345 | AO36: 15491147 | AP36: 18652247 | AQ36: 18989802 | AR36: 19531046 | AS36: 19933333 | AT36: 20208174 | AU36: 20648702 | AV36: 21121364 | AW36: 21329187 | AX36: 25432244 | AY36: 25961602 | AZ36: 27134365 | BA36: 28407796 | BB36: 31732059
A37: Nonfinancial corporations | B37: 1835416 | C37: 1937148 | D37: 2001546 | E37: 2041163 | F37: 2126927 | G37: 2162627 | H37: 2159302 | I37: 2167025 | J37: 2847022 | K37: 3248706 | L37: 3412307 | M37: 3525571 | N37: 3731458 | O37: 3772805 | P37: 4072985 | Q37: 4287576 | R37: 5053436 | S37: 5151570 | T37: 5405886 | U37: 5709501 | V37: 6486115 | W37: 6598917 | X37: 6641897 | Y37: 6630854 | Z37: 6719667 | AA37: 6774317 | AB37: 6936857 | AC37: 6995819 | AD37: 7345798 | AE37: 7639022 | AF37: 7698515 | AG37: 7824063 | AH37: 8988494 | AI37: 8721208 | AJ37: 8652817 | AK37: 9048586 | AL37: 9301861 | AM37: 9165760 | AN37: 8843816 | AO37: 9227874 | AP37: 9427671 | AQ37: 9603681 | AR37: 9863796 | AS37: 9948864 | AT37: 10220704 | AU37: 10778411 | AV37: 10992321 | AW37: 11856339 | AX37: 13154263 | AY37: 13833531 | AZ37: 14837198 | BA37: 15886839 | BB37: 16078641
A38: Short-term | B38: 0 | C38: 2000 | D38: 2000 | E38: 2000 | F38: 2000 | G38: 0 | H38: 15000 | I38: 15000 | J38: 0 | K38: 0 | L38: 0 | M38: 0 | N38: 0 | O38: 0 | P38: 0 | Q38: 100 | R38: 100 | S38: 100 | T38: 130 | U38: 60 | V38: 10060 | W38: 11770 | X38: 10990 | Y38: 10960 | Z38: 210 | AA38: 200 | AB38: 0 | AC38: 50 | AD38: 90 | AE38: 192 | AF38: 191 | AG38: 242 | AH38: 464 | AI38: 464 | AJ38: 404 | AK38: 214 | AL38: 6677 | AM38: 7539 | AN38: 4604 | AO38: 5186 | AP38: 39915 | AQ38: 44240 | AR38: 2188 | AS38: 2653 | AT38: 34891 | AU38: 58031 | AV38: 66034 | AW38: 33997 | AX38: 20473 | AY38: 28145 | AZ38: 55597 | BA38: 57195 | BB38: 37909
A39: Long-term | B39: 1835416 | C39: 1935148 | D39: 1999546 | E39: 2039163 | F39: 2124927 | G39: 2162627 | H39: 2144302 | I39: 2152025 | J39: 2847022 | K39: 3248706 | L39: 3412307 | M39: 3525571 | N39: 3731458 | O39: 3772805 | P39: 4072985 | Q39: 4287476 | R39: 5053336 | S39: 5151470 | T39: 5405756 | U39: 5709441 | V39: 6476055 | W39: 6587147 | X39: 6630907 | Y39: 6619894 | Z39: 6719457 | AA39: 6774117 | AB39: 6936857 | AC39: 6995769 | AD39: 7345708 | AE39: 7638831 | AF39: 7698324 | AG39: 7823821 | AH39: 8988030 | AI39: 8720744 | AJ39: 8652413 | AK39: 9048372 | AL39: 9295185 | AM39: 9158221 | AN39: 8839212 | AO39: 9222688 | AP39: 9387756 | AQ39: 9559442 | AR39: 9861608 | AS39: 9946211 | AT39: 10185814 | AU39: 10720380 | AV39: 10926286 | AW39: 11822342 | AX39: 13133789 | AY39: 13805386 | AZ39: 14781601 | BA39: 15829644 | BB39: 16040732
A40: Long term, with a remaining maturity up to and including 1 year | Z40: 219196 | AA40: 283075 | AB40: 262721 | AC40: 202947 | AD40: 727370 | AE40: 1159490 | AF40: 1187476 | AG40: 1186910 | AH40: 710306 | AI40: 329491 | AJ40: 365457 | AK40: 404112 | AL40: 500862 | AM40: 604841 | AN40: 656252 | AO40: 617243 | AP40: 605380 | AQ40: 593232 | AR40: 512410 | AS40: 586007 | AT40: 837139 | AU40: 881557 | AV40: 978794 | AW40: 972190 | AX40: 1065558 | AY40: 1064401 | AZ40: 1415759 | BA40: 1777579 | BB40: 2428478
A41: Long term, with a remaining maturity more than 1 year | Z41: 6500261 | AA41: 6491042 | AB41: 6674136 | AC41: 6792822 | AD41: 6618338 | AE41: 6479340 | AF41: 6510848 | AG41: 6636912 | AH41: 8277724 | AI41: 8391253 | AJ41: 8286956 | AK41: 8644259 | AL41: 8794323 | AM41: 8553380 | AN41: 8182961 | AO41: 8605445 | AP41: 8782376 | AQ41: 8966209 | AR41: 9349198 | AS41: 9360204 | AT41: 9348674 | AU41: 9838824 | AV41: 9947492 | AW41: 10850152 | AX41: 12068232 | AY41: 12740985 | AZ41: 13365842 | BA41: 14052065 | BB41: 13612254
A42: Non-residents | B42: 70300 | C42: 70300 | D42: 70300 | E42: 87800 | F42: 102800 | G42: 102800 | H42: 101800 | I42: 101800 | J42: 105800 | K42: 105800 | L42: 108800 | M42: 108800 | N42: 113800 | O42: 115800 | P42: 114800 | Q42: 114800 | R42: 109800 | S42: 109800 | T42: 119800 | U42: 119800 | V42: 106800 | W42: 106800 | X42: 106800 | Y42: 109800 | Z42: 107800 | AA42: 102800 | AB42: 102800 | AC42: 109800 | AD42: 121800 | AE42: 120521 | AF42: 160310 | AG42: 152064 | AH42: 133844 | AI42: 131637 | AJ42: 121085 | AK42: 121314 | AL42: 106808 | AM42: 107014 | AN42: 113859 | AO42: 207885 | AP42: 242339 | AQ42: 199025 | AR42: 204654 | AS42: 220662 | AT42: 230012 | AU42: 255805 | AV42: 239832 | AW42: 249874 | AX42: 258333 | AY42: 232670 | AZ42: 210423 | BA42: 211680 | BB42: 200547
A43: Short-term | B43: 13000 | C43: 13000 | D43: 13000 | E43: 13000 | F43: 0 | G43: 0 | H43: 0 | I43: 0 | J43: 0 | K43: 0 | L43: 0 | M43: 0 | N43: 0 | O43: 3000 | P43: 3000 | Q43: 3000 | R43: 3000 | S43: 13000 | T43: 0 | U43: 3000 | V43: 0 | W43: 0 | X43: 0 | Y43: 0 | Z43: 0 | AA43: 0 | AB43: 0 | AC43: 2000 | AD43: 3000 | AE43: 0 | AF43: 0 | AG43: 0 | AH43: 0 | AI43: 0 | AJ43: 0 | AK43: 0 | AL43: 0 | AM43: 0 | AN43: 0 | AO43: 43395 | AP43: 44327 | AQ43: 0 | AR43: 0 | AS43: 0 | AT43: 0 | AU43: 0 | AV43: 0 | AW43: 0 | AX43: 0 | AY43: 0 | AZ43: 0 | BA43: 0 | BB43: 0
A44: Long-term | B44: 57300 | C44: 57300 | D44: 57300 | E44: 74800 | F44: 102800 | G44: 102800 | H44: 101800 | I44: 101800 | J44: 105800 | K44: 105800 | L44: 108800 | M44: 108800 | N44: 113800 | O44: 112800 | P44: 111800 | Q44: 111800 | R44: 106800 | S44: 96800 | T44: 119800 | U44: 116800 | V44: 106800 | W44: 106800 | X44: 106800 | Y44: 109800 | Z44: 107800 | AA44: 102800 | AB44: 102800 | AC44: 107800 | AD44: 118800 | AE44: 120521 | AF44: 160310 | AG44: 152064 | AH44: 133844 | AI44: 131637 | AJ44: 121085 | AK44: 121314 | AL44: 106808 | AM44: 107014 | AN44: 113859 | AO44: 164490 | AP44: 198012 | AQ44: 199025 | AR44: 204654 | AS44: 220662 | AT44: 230012 | AU44: 255805 | AV44: 239832 | AW44: 249874 | AX44: 258333 | AY44: 232670 | AZ44: 210423 | BA44: 211680 | BB44: 200547
A45: Long term, with a remaining maturity up to and including 1 year | Z45: 10000 | AA45: 0 | AB45: 0 | AC45: 15000 | AD45: 20000 | AE45: 25320 | AF45: 35733 | AG45: 20560 | AH45: 29551 | AI45: 24635 | AJ45: 14300 | AK45: 14300 | AL45: 0 | AM45: 14165 | AN45: 34492 | AO45: 34568 | AP45: 34505 | AQ45: 20400 | AR45: 12060 | AS45: 12062 | AT45: 19136 | AU45: 24222 | AV45: 27444 | AW45: 37723 | AX45: 35782 | AY45: 39901 | AZ45: 24960 | BA45: 13722 | BB45: 14491
A46: Long term, with a remaining maturity more than 1 year | Z46: 97800 | AA46: 102800 | AB46: 102800 | AC46: 92800 | AD46: 98800 | AE46: 95201 | AF46: 124577 | AG46: 131504 | AH46: 104292 | AI46: 107002 | AJ46: 106785 | AK46: 107014 | AL46: 106808 | AM46: 92849 | AN46: 79367 | AO46: 129922 | AP46: 163507 | AQ46: 178626 | AR46: 192594 | AS46: 208601 | AT46: 210876 | AU46: 231584 | AV46: 212387 | AW46: 212151 | AX46: 222550 | AY46: 192769 | AZ46: 185463 | BA46: 197957 | BB46: 186057
A48: Amount outstanding of debt securities in national currency
A49: Total | B49: 8472170 | C49: 8568201 | D49: 8865711 | E49: 9226758 | F49: 9719081 | G49: 9875231 | H49: 9967202 | I49: 10187920 | J49: 12082211 | K49: 12423522 | L49: 12755354 | M49: 12901507 | N49: 13293487 | O49: 13303747 | P49: 13840422 | Q49: 13974483 | R49: 15122429 | S49: 15719232 | T49: 16452322 | U49: 17352674 | V49: 18666789 | W49: 19745907 | X49: 19930859 | Y49: 20434930 | Z49: 20637139 | AA49: 21408087 | AB49: 22695123 | AC49: 22481479 | AD49: 24581595 | AE49: 25013468 | AF49: 25182492 | AG49: 26848271 | AH49: 30951227 | AI49: 31340997 | AJ49: 32106007 | AK49: 32970476 | AL49: 32677779 | AM49: 32484392 | AN49: 32448031 | AO49: 32535025 | AP49: 35656287 | AQ49: 36185409 | AR49: 37540086 | AS49: 38769345 | AT49: 40722702 | AU49: 41592963 | AV49: 42107203 | AW49: 43523979 | AX49: 48254236 | AY49: 50596018 | AZ49: 53149746 | BA49: 55376219 | BB49: 60348225
A50: Short-term | B50: 13000 | C50: 15000 | D50: 15000 | E50: 15000 | F50: 2000 | G50: 873 | H50: 15873 | I50: 15873 | J50: 0 | K50: 0 | L50: 0 | M50: 0 | N50: 0 | O50: 3000 | P50: 3000 | Q50: 3100 | R50: 4086 | S50: 71413 | T50: 81738 | U50: 165588 | V50: 399890 | W50: 1225796 | X50: 1196256 | Y50: 1540427 | Z50: 1396218 | AA50: 1537398 | AB50: 1814693 | AC50: 981499 | AD50: 2115601 | AE50: 1713463 | AF50: 871475 | AG50: 958202 | AH50: 707112 | AI50: 756482 | AJ50: 723835 | AK50: 691104 | AL50: 147867 | AM50: 140067 | AN50: 135107 | AO50: 229562 | AP50: 141673 | AQ50: 122317 | AR50: 152592 | AS50: 291938 | AT50: 289130 | AU50: 370324 | AV50: 345072 | AW50: 274239 | AX50: 388690 | AY50: 424428 | AZ50: 429250 | BA50: 440218 | BB50: 384450
A51: Long-term | B51: 8459170 | C51: 8553201 | D51: 8850711 | E51: 9211758 | F51: 9717081 | G51: 9874358 | H51: 9951329 | I51: 10172047 | J51: 12082211 | K51: 12423522 | L51: 12755354 | M51: 12901507 | N51: 13293487 | O51: 13300747 | P51: 13837422 | Q51: 13971383 | R51: 15118343 | S51: 15647819 | T51: 16370584 | U51: 17187086 | V51: 18266900 | W51: 18520111 | X51: 18734603 | Y51: 18894503 | Z51: 19240921 | AA51: 19870690 | AB51: 20880430 | AC51: 21499980 | AD51: 22465995 | AE51: 23300006 | AF51: 24311017 | AG51: 25890070 | AH51: 30244115 | AI51: 30584515 | AJ51: 31382172 | AK51: 32279373 | AL51: 32529912 | AM51: 32344326 | AN51: 32312923 | AO51: 32305463 | AP51: 35514615 | AQ51: 36063092 | AR51: 37387494 | AS51: 38477407 | AT51: 40433573 | AU51: 41222639 | AV51: 41762130 | AW51: 43249740 | AX51: 47865546 | AY51: 50171589 | AZ51: 52720496 | BA51: 54936000 | BB51: 59963775
A52: Long term, with a remaining maturity up to and including 1 year | Z52: 1222726 | AA52: 1401520 | AB52: 1455933 | AC52: 1408533 | AD52: 1745940 | AE52: 2143670 | AF52: 2410761 | AG52: 2811150 | AH52: 2752476 | AI52: 2290881 | AJ52: 1883015 | AK52: 1983820 | AL52: 2216537 | AM52: 2451045 | AN52: 2549999 | AO52: 2642138 | AP52: 2313728 | AQ52: 2503629 | AR52: 2704819 | AS52: 2753166 | AT52: 3198083 | AU52: 3363105 | AV52: 3151270 | AW52: 3291856 | AX52: 3314282 | AY52: 3212075 | AZ52: 3713894 | BA52: 4241076 | BB52: 4958324
A53: Long term, with a remaining maturity more than 1 year | Z53: 18018195 | AA53: 18469170 | AB53: 19424498 | AC53: 20091447 | AD53: 20720055 | AE53: 21156336 | AF53: 21900257 | AG53: 23078920 | AH53: 27491638 | AI53: 28293634 | AJ53: 29499157 | AK53: 30295553 | AL53: 30313375 | AM53: 29893281 | AN53: 29762924 | AO53: 29663325 | AP53: 33200886 | AQ53: 33559463 | AR53: 34682674 | AS53: 35724242 | AT53: 37235489 | AU53: 37859534 | AV53: 38610860 | AW53: 39957884 | AX53: 44551264 | AY53: 46959514 | AZ53: 49006602 | BA53: 50694924 | BB53: 55005451
A54: Central bank | B54: 0 | C54: 0 | D54: 0 | E54: 0 | F54: 0 | G54: 0 | H54: 0 | I54: 0 | J54: 0 | K54: 0 | L54: 0 | M54: 0 | N54: 0 | O54: 0 | P54: 0 | Q54: 0 | R54: 0 | S54: 0 | T54: 0 | U54: 149530 | V54: 352321 | W54: 1128680 | X54: 1112149 | Y54: 1486459 | Z54: 1374230 | AA54: 1500000 | AB54: 1700000 | AC54: 800000 | AD54: 1936705 | AE54: 1544228 | AF54: 708128 | AG54: 818535 | AH54: 574227 | AI54: 645069 | AJ54: 626380 | AK54: 603353 | AL54: 0 | AM54: 0 | AN54: 0 | AO54: 0 | AP54: 0 | AQ54: 0 | AR54: 0 | AS54: 0 | AT54: 0 | AU54: 0 | AV54: 0 | AW54: 0 | AX54: 0 | AY54: 0 | AZ54: 0 | BA54: 0 | BB54: 0
A55: Short-term | B55: 0 | C55: 0 | D55: 0 | E55: 0 | F55: 0 | G55: 0 | H55: 0 | I55: 0 | J55: 0 | K55: 0 | L55: 0 | M55: 0 | N55: 0 | O55: 0 | P55: 0 | Q55: 0 | R55: 0 | S55: 0 | T55: 0 | U55: 149530 | V55: 352321 | W55: 1128680 | X55: 1112149 | Y55: 1486459 | Z55: 1374230 | AA55: 1500000 | AB55: 1700000 | AC55: 800000 | AD55: 1936705 | AE55: 1544228 | AF55: 708128 | AG55: 818535 | AH55: 574227 | AI55: 645069 | AJ55: 626380 | AK55: 603353 | AL55: 0 | AM55: 0 | AN55: 0 | AO55: 0 | AP55: 0 | AQ55: 0 | AR55: 0 | AS55: 0 | AT55: 0 | AU55: 0 | AV55: 0 | AW55: 0 | AX55: 0 | AY55: 0 | AZ55: 0 | BA55: 0 | BB55: 0
A56: Long-term | B56: 0 | C56: 0 | D56: 0 | E56: 0 | F56: 0 | G56: 0 | H56: 0 | I56: 0 | J56: 0 | K56: 0 | L56: 0 | M56: 0 | N56: 0 | O56: 0 | P56: 0 | Q56: 0 | R56: 0 | S56: 0 | T56: 0 | U56: 0 | V56: 0 | W56: 0 | X56: 0 | Y56: 0 | Z56: 0 | AA56: 0 | AB56: 0 | AC56: 0 | AD56: 0 | AE56: 0 | AF56: 0 | AG56: 0 | AH56: 0 | AI56: 0 | AJ56: 0 | AK56: 0 | AL56: 0 | AM56: 0 | AN56: 0 | AO56: 0 | AP56: 0 | AQ56: 0 | AR56: 0 | AS56: 0 | AT56: 0 | AU56: 0 | AV56: 0 | AW56: 0 | AX56: 0 | AY56: 0 | AZ56: 0 | BA56: 0 | BB56: 0
A57: Long term, with a remaining maturity up to and including 1 year | Z57: 0 | AA57: 0 | AB57: 0 | AC57: 0 | AD57: 0 | AE57: 0 | AF57: 0 | AG57: 0 | AH57: 0 | AI57: 0 | AJ57: 0 | AK57: 0 | AL57: 0 | AM57: 0 | AN57: 0 | AO57: 0 | AP57: 0 | AQ57: 0 | AR57: 0 | AS57: 0 | AT57: 0 | AU57: 0 | AV57: 0 | AW57: 0 | AX57: 0 | AY57: 0 | AZ57: 0 | BA57: 0 | BB57: 0
A58: Long term, with a remaining maturity more than 1 year | Z58: 0 | AA58: 0 | AB58: 0 | AC58: 0 | AD58: 0 | AE58: 0 | AF58: 0 | AG58: 0 | AH58: 0 | AI58: 0 | AJ58: 0 | AK58: 0 | AL58: 0 | AM58: 0 | AN58: 0 | AO58: 0 | AP58: 0 | AQ58: 0 | AR58: 0 | AS58: 0 | AT58: 0 | AU58: 0 | AV58: 0 | AW58: 0 | AX58: 0 | AY58: 0 | AZ58: 0 | BA58: 0 | BB58: 0
A59: Other depository corporations | B59: 1136389 | C59: 1219871 | D59: 1233855 | E59: 1306554 | F59: 1354406 | G59: 1337946 | H59: 1379623 | I59: 1420707 | J59: 1518473 | K59: 1517104 | L59: 1570534 | M59: 1545062 | N59: 1585148 | O59: 1489579 | P59: 1526008 | Q59: 1468023 | R59: 1455244 | S59: 1524665 | T59: 1654901 | U59: 1567014 | V59: 1658700 | W59: 1708156 | X59: 1655136 | Y59: 1771989 | Z59: 1825874 | AA59: 1908957 | AB59: 2057550 | AC59: 2229209 | AD59: 2362807 | AE59: 2425855 | AF59: 2375042 | AG59: 2445286 | AH59: 2670097 | AI59: 2668017 | AJ59: 2821530 | AK59: 2898106 | AL59: 3014962 | AM59: 2876559 | AN59: 2765651 | AO59: 2686412 | AP59: 2654661 | AQ59: 2736215 | AR59: 2767967 | AS59: 2738145 | AT59: 2698021 | AU59: 2770115 | AV59: 2626750 | AW59: 2619509 | AX59: 2624940 | AY59: 2594612 | AZ59: 2649106 | BA59: 2667386 | BB59: 2696948
A60: Short-term | B60: 0 | C60: 0 | D60: 0 | E60: 0 | F60: 0 | G60: 0 | H60: 0 | I60: 0 | J60: 0 | K60: 0 | L60: 0 | M60: 0 | N60: 0 | O60: 0 | P60: 0 | Q60: 0 | R60: 956 | S60: 58233 | T60: 81500 | U60: 12860 | V60: 37360 | W60: 34587 | X60: 32687 | Y60: 28946 | Z60: 10288 | AA60: 13271 | AB60: 69855 | AC60: 151177 | AD60: 167664 | AE60: 167411 | AF60: 160701 | AG60: 133026 | AH60: 124089 | AI60: 96165 | AJ60: 67659 | AK60: 66474 | AL60: 90960 | AM60: 72307 | AN60: 66508 | AO60: 67388 | AP60: 28684 | AQ60: 67891 | AR60: 74347 | AS60: 166892 | AT60: 122696 | AU60: 192211 | AV60: 119157 | AW60: 104085 | AX60: 90488 | AY60: 96681 | AZ60: 80102 | BA60: 95597 | BB60: 124045
A61: Long-term | B61: 1136389 | C61: 1219871 | D61: 1233855 | E61: 1306554 | F61: 1354406 | G61: 1337946 | H61: 1379623 | I61: 1420707 | J61: 1518473 | K61: 1517104 | L61: 1570534 | M61: 1545062 | N61: 1585148 | O61: 1489579 | P61: 1526008 | Q61: 1468023 | R61: 1454287 | S61: 1466432 | T61: 1573401 | U61: 1554154 | V61: 1621340 | W61: 1673569 | X61: 1622449 | Y61: 1743043 | Z61: 1815587 | AA61: 1895686 | AB61: 1987695 | AC61: 2078033 | AD61: 2195143 | AE61: 2258444 | AF61: 2214341 | AG61: 2312260 | AH61: 2546008 | AI61: 2571853 | AJ61: 2753871 | AK61: 2831631 | AL61: 2924002 | AM61: 2804252 | AN61: 2699143 | AO61: 2619023 | AP61: 2625976 | AQ61: 2668324 | AR61: 2693621 | AS61: 2571252 | AT61: 2575325 | AU61: 2577904 | AV61: 2507593 | AW61: 2515424 | AX61: 2534452 | AY61: 2497932 | AZ61: 2569004 | BA61: 2571789 | BB61: 2572903
A62: Long term, with a remaining maturity up to and including 1 year | Z62: 151691 | AA62: 190111 | AB62: 255214 | AC62: 242852 | AD62: 281021 | AE62: 329973 | AF62: 338530 | AG62: 455957 | AH62: 453330 | AI62: 497932 | AJ62: 504021 | AK62: 431336 | AL62: 448409 | AM62: 416187 | AN62: 443217 | AO62: 495298 | AP62: 609957 | AQ62: 588518 | AR62: 592114 | AS62: 575890 | AT62: 553515 | AU62: 657625 | AV62: 567738 | AW62: 582860 | AX62: 529612 | AY62: 375877 | AZ62: 564604 | BA62: 529787 | BB62: 546181
A63: Long term, with a remaining maturity more than 1 year | Z63: 1663896 | AA63: 1705575 | AB63: 1732482 | AC63: 1835181 | AD63: 1914122 | AE63: 1928471 | AF63: 1875811 | AG63: 1856304 | AH63: 2092678 | AI63: 2073920 | AJ63: 2249850 | AK63: 2400296 | AL63: 2475593 | AM63: 2388065 | AN63: 2255926 | AO63: 2123725 | AP63: 2016020 | AQ63: 2079806 | AR63: 2101506 | AS63: 1995362 | AT63: 2021810 | AU63: 1920279 | AV63: 1939855 | AW63: 1932564 | AX63: 2004840 | AY63: 2122055 | AZ63: 2004401 | BA63: 2042002 | BB63: 2026721
A64: Insurance corporations | B64: 15000 | C64: 15000 | D64: 18000 | E64: 18000 | F64: 18000 | G64: 18000 | H64: 18000 | I64: 18000 | J64: 13000 | K64: 13000 | L64: 13000 | M64: 13000 | N64: 13000 | O64: 13000 | P64: 13000 | Q64: 13000 | R64: 13000 | S64: 13000 | T64: 17000 | U64: 12000 | V64: 7000 | W64: 7000 | X64: 7000 | Y64: 7000 | Z64: 7000 | AA64: 7000 | AB64: 7000 | AC64: 4000 | AD64: 7000 | AE64: 7343 | AF64: 7157 | AG64: 7329 | AH64: 7161 | AI64: 7329 | AJ64: 7127 | AK64: 7266 | AL64: 4068 | AM64: 4137 | AN64: 0 | AO64: 0 | AP64: 0 | AQ64: 0 | AR64: 0 | AS64: 0 | AT64: 0 | AU64: 0 | AV64: 0 | AW64: 0 | AX64: 0 | AY64: 0 | AZ64: 0 | BA64: 0 | BB64: 0
A65: Short-term | B65: 0 | C65: 0 | D65: 0 | E65: 0 | F65: 0 | G65: 0 | H65: 0 | I65: 0 | J65: 0 | K65: 0 | L65: 0 | M65: 0 | N65: 0 | O65: 0 | P65: 0 | Q65: 0 | R65: 0 | S65: 0 | T65: 0 | U65: 0 | V65: 0 | W65: 0 | X65: 0 | Y65: 0 | Z65: 0 | AA65: 0 | AB65: 0 | AC65: 0 | AD65: 0 | AE65: 0 | AF65: 0 | AG65: 0 | AH65: 0 | AI65: 0 | AJ65: 0 | AK65: 0 | AL65: 0 | AM65: 0 | AN65: 0 | AO65: 0 | AP65: 0 | AQ65: 0 | AR65: 0 | AS65: 0 | AT65: 0 | AU65: 0 | AV65: 0 | AW65: 0 | AX65: 0 | AY65: 0 | AZ65: 0 | BA65: 0 | BB65: 0
A66: Long-term | B66: 15000 | C66: 15000 | D66: 18000 | E66: 18000 | F66: 18000 | G66: 18000 | H66: 18000 | I66: 18000 | J66: 13000 | K66: 13000 | L66: 13000 | M66: 13000 | N66: 13000 | O66: 13000 | P66: 13000 | Q66: 13000 | R66: 13000 | S66: 13000 | T66: 17000 | U66: 12000 | V66: 7000 | W66: 7000 | X66: 7000 | Y66: 7000 | Z66: 7000 | AA66: 7000 | AB66: 7000 | AC66: 4000 | AD66: 7000 | AE66: 7343 | AF66: 7157 | AG66: 7329 | AH66: 7161 | AI66: 7329 | AJ66: 7127 | AK66: 7266 | AL66: 4068 | AM66: 4137 | AN66: 0 | AO66: 0 | AP66: 0 | AQ66: 0 | AR66: 0 | AS66: 0 | AT66: 0 | AU66: 0 | AV66: 0 | AW66: 0 | AX66: 0 | AY66: 0 | AZ66: 0 | BA66: 0 | BB66: 0
A67: Long term, with a remaining maturity up to and including 1 year | Z67: 0 | AA67: 0 | AB67: 0 | AC67: 0 | AD67: 0 | AE67: 0 | AF67: 0 | AG67: 0 | AH67: 0 | AI67: 0 | AJ67: 4066 | AK67: 4137 | AL67: 4068 | AM67: 4137 | AN67: 0 | AO67: 0 | AP67: 0 | AQ67: 0 | AR67: 0 | AS67: 0 | AT67: 0 | AU67: 0 | AV67: 0 | AW67: 0 | AX67: 0 | AY67: 0 | AZ67: 0 | BA67: 0 | BB67: 0
A68: Long term, with a remaining maturity more than 1 year | Z68: 7000 | AA68: 7000 | AB68: 7000 | AC68: 4000 | AD68: 7000 | AE68: 7343 | AF68: 7157 | AG68: 7329 | AH68: 7161 | AI68: 7329 | AJ68: 3061 | AK68: 3129 | AL68: 0 | AM68: 0 | AN68: 0 | AO68: 0 | AP68: 0 | AQ68: 0 | AR68: 0 | AS68: 0 | AT68: 0 | AU68: 0 | AV68: 0 | AW68: 0 | AX68: 0 | AY68: 0 | AZ68: 0 | BA68: 0 | BB68: 0
A69: Other financial corporations | B69: 1000807 | C69: 1092607 | D69: 1126298 | E69: 1204080 | F69: 1257196 | G69: 1396719 | H69: 1411938 | I69: 1587769 | J69: 1705173 | K69: 1747744 | L69: 1786341 | M69: 1879721 | N69: 1964864 | O69: 1995318 | P69: 2119915 | Q69: 2128593 | R69: 2202936 | S69: 2250112 | T69: 2428205 | U69: 2509026 | V69: 2518853 | W69: 2597881 | X69: 2592549 | Y69: 2500293 | Z69: 2491104 | AA69: 2586182 | AB69: 2702457 | AC69: 2671210 | AD69: 2924276 | AE69: 3037340 | AF69: 3052232 | AG69: 3145559 | AH69: 3567140 | AI69: 3478706 | AJ69: 3346350 | AK69: 3472765 | AL69: 3938599 | AM69: 3843340 | AN69: 3899972 | AO69: 4281324 | AP69: 4901740 | AQ69: 4899270 | AR69: 5243056 | AS69: 6327476 | AT69: 7529949 | AU69: 7763130 | AV69: 8196878 | AW69: 8978068 | AX69: 10547263 | AY69: 10899055 | AZ69: 11138107 | BA69: 11782673 | BB69: 13117845
A70: Short-term | B70: 0 | C70: 0 | D70: 0 | E70: 0 | F70: 0 | G70: 873 | H70: 873 | I70: 873 | J70: 0 | K70: 0 | L70: 0 | M70: 0 | N70: 0 | O70: 0 | P70: 0 | Q70: 0 | R70: 30 | S70: 80 | T70: 108 | U70: 138 | V70: 148 | W70: 50759 | X70: 40430 | Y70: 14062 | Z70: 8490 | AA70: 20926 | AB70: 41838 | AC70: 25272 | AD70: 8142 | AE70: 1632 | AF70: 2454 | AG70: 6399 | AH70: 8332 | AI70: 14784 | AJ70: 29394 | AK70: 21063 | AL70: 56867 | AM70: 62344 | AN70: 63029 | AO70: 113361 | AP70: 63087 | AQ70: 54426 | AR70: 78245 | AS70: 109782 | AT70: 104129 | AU70: 116079 | AV70: 217461 | AW70: 163646 | AX70: 277729 | AY70: 299602 | AZ70: 321031 | BA70: 316462 | BB70: 249910
A71: Long-term | B71: 1000807 | C71: 1092607 | D71: 1126298 | E71: 1204080 | F71: 1257196 | G71: 1395846 | H71: 1411065 | I71: 1586896 | J71: 1705173 | K71: 1747744 | L71: 1786341 | M71: 1879721 | N71: 1964864 | O71: 1995318 | P71: 2119915 | Q71: 2128593 | R71: 2202906 | S71: 2250032 | T71: 2428096 | U71: 2508888 | V71: 2518705 | W71: 2547121 | X71: 2552119 | Y71: 2486231 | Z71: 2482614 | AA71: 2565255 | AB71: 2660619 | AC71: 2645939 | AD71: 2916135 | AE71: 3035708 | AF71: 3049778 | AG71: 3139160 | AH71: 3558808 | AI71: 3463922 | AJ71: 3316957 | AK71: 3451702 | AL71: 3881732 | AM71: 3780996 | AN71: 3836943 | AO71: 4167963 | AP71: 4838653 | AQ71: 4844843 | AR71: 5164811 | AS71: 6217694 | AT71: 7425820 | AU71: 7647052 | AV71: 7979417 | AW71: 8814422 | AX71: 10269534 | AY71: 10599453 | AZ71: 10817076 | BA71: 11466211 | BB71: 12867935
A72: Long term, with a remaining maturity up to and including 1 year | Z72: 113608 | AA72: 109746 | AB72: 130664 | AC72: 123703 | AD72: 151606 | AE72: 215930 | AF72: 539083 | AG72: 564664 | AH72: 521612 | AI72: 490742 | AJ72: 185875 | AK72: 152532 | AL72: 152160 | AM72: 141245 | AN72: 133519 | AO72: 163402 | AP72: 171220 | AQ72: 181903 | AR72: 154757 | AS72: 251131 | AT72: 254800 | AU72: 269144 | AV72: 340322 | AW72: 408038 | AX72: 452565 | AY72: 452499 | AZ72: 520301 | BA72: 787766 | BB72: 810784
A73: Long term, with a remaining maturity more than 1 year | Z73: 2369007 | AA73: 2455509 | AB73: 2529955 | AC73: 2522235 | AD73: 2764529 | AE73: 2819778 | AF73: 2510695 | AG73: 2574496 | AH73: 3037196 | AI73: 2973180 | AJ73: 3131081 | AK73: 3299170 | AL73: 3729571 | AM73: 3639750 | AN73: 3703425 | AO73: 4004561 | AP73: 4667433 | AQ73: 4662941 | AR73: 5010054 | AS73: 5966563 | AT73: 7171021 | AU73: 7377908 | AV73: 7639095 | AW73: 8406384 | AX73: 9816969 | AY73: 10146954 | AZ73: 10296776 | BA73: 10678445 | BB73: 12057151
A74: General government | B74: 4414257 | C74: 4233274 | D74: 4415712 | E74: 4569162 | F74: 4859751 | G74: 4857140 | H74: 4896539 | I74: 4892619 | J74: 5892743 | K74: 5791168 | L74: 5864372 | M74: 5829353 | N74: 6012760 | O74: 6117163 | P74: 6258021 | Q74: 6272802 | R74: 6586035 | S74: 6947083 | T74: 7116831 | U74: 7572861 | V74: 7820146 | W74: 7879971 | X74: 8135309 | Y74: 8261275 | Z74: 8462574 | AA74: 8804502 | AB74: 9456789 | AC74: 9945470 | AD74: 10146562 | AE74: 10571931 | AF74: 11480294 | AG74: 12796005 | AH74: 15325835 | AI74: 16012522 | AJ74: 16847854 | AK74: 17352866 | AL74: 17081503 | AM74: 17205947 | AN74: 17255435 | AO74: 16828191 | AP74: 19559128 | AQ74: 20118883 | AR74: 21002129 | AS74: 21322717 | AT74: 21852925 | AU74: 22333044 | AV74: 22436962 | AW74: 22758722 | AX74: 24818717 | AY74: 25835272 | AZ74: 27296405 | BA74: 28414190 | BB74: 31655502
A75: Short-term | B75: 0 | C75: 0 | D75: 0 | E75: 0 | F75: 0 | G75: 0 | H75: 0 | I75: 0 | J75: 0 | K75: 0 | L75: 0 | M75: 0 | N75: 0 | O75: 0 | P75: 0 | Q75: 0 | R75: 0 | S75: 0 | T75: 0 | U75: 0 | V75: 0 | W75: 0 | X75: 0 | Y75: 0 | Z75: 3000 | AA75: 3000 | AB75: 3000 | AC75: 3000 | AD75: 0 | AE75: 0 | AF75: 0 | AG75: 0 | AH75: 0 | AI75: 0 | AJ75: 0 | AK75: 0 | AL75: 0 | AM75: 5416 | AN75: 5570 | AO75: 5417 | AP75: 5574 | AQ75: 0 | AR75: 0 | AS75: 15052 | AT75: 60200 | AU75: 59928 | AV75: 6363 | AW75: 4363 | AX75: 0 | AY75: 0 | AZ75: 0 | BA75: 0 | BB75: 0
A76: Long-term | B76: 4414257 | C76: 4233274 | D76: 4415712 | E76: 4569162 | F76: 4859751 | G76: 4857140 | H76: 4896539 | I76: 4892619 | J76: 5892743 | K76: 5791168 | L76: 5864372 | M76: 5829353 | N76: 6012760 | O76: 6117163 | P76: 6258021 | Q76: 6272802 | R76: 6586035 | S76: 6947083 | T76: 7116831 | U76: 7572861 | V76: 7820146 | W76: 7879971 | X76: 8135309 | Y76: 8261275 | Z76: 8459574 | AA76: 8801502 | AB76: 9453789 | AC76: 9942470 | AD76: 10146562 | AE76: 10571931 | AF76: 11480294 | AG76: 12796005 | AH76: 15325835 | AI76: 16012522 | AJ76: 16847854 | AK76: 17352866 | AL76: 17081503 | AM76: 17200532 | AN76: 17249865 | AO76: 16822774 | AP76: 19553554 | AQ76: 20118883 | AR76: 21002129 | AS76: 21307665 | AT76: 21792726 | AU76: 22273116 | AV76: 22430599 | AW76: 22754359 | AX76: 24818717 | AY76: 25835272 | AZ76: 27296405 | BA76: 28414190 | BB76: 31655502
A77: Long term, with a remaining maturity up to and including 1 year | Z77: 728232 | AA77: 818588 | AB77: 807334 | AC77: 824086 | AD77: 565997 | AE77: 413026 | AF77: 310002 | AG77: 583059 | AH77: 1037677 | AI77: 948081 | AJ77: 809296 | AK77: 977403 | AL77: 1111038 | AM77: 1270470 | AN77: 1282520 | AO77: 1331627 | AP77: 901307 | AQ77: 1129081 | AR77: 1471083 | AS77: 1374332 | AT77: 1584551 | AU77: 1624414 | AV77: 1309235 | AW77: 1425173 | AX77: 1514274 | AY77: 1521987 | AZ77: 1538813 | BA77: 1463511 | BB77: 1515317
A78: Long term, with a remaining maturity more than 1 year | Z78: 7731342 | AA78: 7982915 | AB78: 8646455 | AC78: 9118384 | AD78: 9580565 | AE78: 10158905 | AF78: 11170292 | AG78: 12212945 | AH78: 14288158 | AI78: 15064441 | AJ78: 16038558 | AK78: 16375463 | AL78: 15970465 | AM78: 15930062 | AN78: 15967345 | AO78: 15491147 | AP78: 18652247 | AQ78: 18989802 | AR78: 19531046 | AS78: 19933333 | AT78: 20208174 | AU78: 20648702 | AV78: 21121364 | AW78: 21329187 | AX78: 23304442 | AY78: 24313285 | AZ78: 25757592 | BA78: 26950679 | BB78: 30140186
A79: Nonfinancial corporations | B79: 1835416 | C79: 1937148 | D79: 2001546 | E79: 2041163 | F79: 2126927 | G79: 2162627 | H79: 2159302 | I79: 2167025 | J79: 2847022 | K79: 3248706 | L79: 3412307 | M79: 3525571 | N79: 3603914 | O79: 3572887 | P79: 3808679 | Q79: 3977265 | R79: 4755415 | S79: 4874572 | T79: 5115585 | U79: 5422443 | V79: 6202969 | W79: 6317419 | X79: 6321916 | Y79: 6298115 | Z79: 6368556 | AA79: 6498646 | AB79: 6668527 | AC79: 6721789 | AD79: 7082445 | AE79: 7306252 | AF79: 7399329 | AG79: 7483494 | AH79: 8672923 | AI79: 8397716 | AJ79: 8335681 | AK79: 8514807 | AL79: 8531840 | AM79: 8447396 | AN79: 8413114 | AO79: 8571452 | AP79: 8367074 | AQ79: 8307582 | AR79: 8406737 | AS79: 8254353 | AT79: 8499268 | AU79: 8583115 | AV79: 8710984 | AW79: 9031431 | AX79: 10128006 | AY79: 11136066 | AZ79: 11951747 | BA79: 12401459 | BB79: 12773651
A80: Short-term | B80: 0 | C80: 2000 | D80: 2000 | E80: 2000 | F80: 2000 | G80: 0 | H80: 15000 | I80: 15000 | J80: 0 | K80: 0 | L80: 0 | M80: 0 | N80: 0 | O80: 0 | P80: 0 | Q80: 100 | R80: 100 | S80: 100 | T80: 130 | U80: 60 | V80: 10060 | W80: 11770 | X80: 10990 | Y80: 10960 | Z80: 210 | AA80: 200 | AB80: 0 | AC80: 50 | AD80: 90 | AE80: 192 | AF80: 191 | AG80: 242 | AH80: 464 | AI80: 464 | AJ80: 404 | AK80: 214 | AL80: 40 | AM80: 0 | AN80: 0 | AO80: 0 | AP80: 0 | AQ80: 0 | AR80: 0 | AS80: 211 | AT80: 2106 | AU80: 2107 | AV80: 2092 | AW80: 2145 | AX80: 20473 | AY80: 28145 | AZ80: 28118 | BA80: 28159 | BB80: 10495
A81: Long-term | B81: 1835416 | C81: 1935148 | D81: 1999546 | E81: 2039163 | F81: 2124927 | G81: 2162627 | H81: 2144302 | I81: 2152025 | J81: 2847022 | K81: 3248706 | L81: 3412307 | M81: 3525571 | N81: 3603914 | O81: 3572887 | P81: 3808679 | Q81: 3977165 | R81: 4755315 | S81: 4874472 | T81: 5115455 | U81: 5422383 | V81: 6192909 | W81: 6305649 | X81: 6310926 | Y81: 6287155 | Z81: 6368346 | AA81: 6498446 | AB81: 6668527 | AC81: 6721739 | AD81: 7082355 | AE81: 7306060 | AF81: 7399137 | AG81: 7483252 | AH81: 8672459 | AI81: 8397252 | AJ81: 8335278 | AK81: 8514593 | AL81: 8531799 | AM81: 8447396 | AN81: 8413114 | AO81: 8571452 | AP81: 8367074 | AQ81: 8307582 | AR81: 8406737 | AS81: 8254142 | AT81: 8497162 | AU81: 8581008 | AV81: 8708892 | AW81: 9029286 | AX81: 10107533 | AY81: 11107921 | AZ81: 11923629 | BA81: 12373300 | BB81: 12763157
A82: Long term, with a remaining maturity up to and including 1 year | Z82: 219196 | AA82: 283075 | AB82: 262721 | AC82: 202891 | AD82: 727316 | AE82: 1159422 | AF82: 1187414 | AG82: 1186910 | AH82: 710306 | AI82: 329491 | AJ82: 365457 | AK82: 404112 | AL82: 500862 | AM82: 604841 | AN82: 656252 | AO82: 617243 | AP82: 596739 | AQ82: 583728 | AR82: 474805 | AS82: 539752 | AT82: 786081 | AU82: 787700 | AV82: 906530 | AW82: 838062 | AX82: 782048 | AY82: 821812 | AZ82: 1065216 | BA82: 1446290 | BB82: 2071551
A83: Long term, with a remaining maturity more than 1 year | Z83: 6149150 | AA83: 6215371 | AB83: 6405806 | AC83: 6518848 | AD83: 6355039 | AE83: 6146638 | AF83: 6211724 | AG83: 6296342 | AH83: 7962153 | AI83: 8067761 | AJ83: 7969821 | AK83: 8110481 | AL83: 8030937 | AM83: 7842554 | AN83: 7756862 | AO83: 7954208 | AP83: 7770335 | AQ83: 7723854 | AR83: 7931932 | AS83: 7714390 | AT83: 7711081 | AU83: 7793308 | AV83: 7802362 | AW83: 8191223 | AX83: 9325485 | AY83: 10286108 | AZ83: 10858412 | BA83: 10927010 | BB83: 10691605
A84: Non-residents | B84: 70300 | C84: 70300 | D84: 70300 | E84: 87800 | F84: 102800 | G84: 102800 | H84: 101800 | I84: 101800 | J84: 105800 | K84: 105800 | L84: 108800 | M84: 108800 | N84: 113800 | O84: 115800 | P84: 114800 | Q84: 114800 | R84: 109800 | S84: 109800 | T84: 119800 | U84: 119800 | V84: 106800 | W84: 106800 | X84: 106800 | Y84: 109800 | Z84: 107800 | AA84: 102800 | AB84: 102800 | AC84: 109800 | AD84: 121800 | AE84: 120521 | AF84: 160310 | AG84: 152064 | AH84: 133844 | AI84: 131637 | AJ84: 121085 | AK84: 121314 | AL84: 106808 | AM84: 107014 | AN84: 113859 | AO84: 167647 | AP84: 173684 | AQ84: 123460 | AR84: 120196 | AS84: 126654 | AT84: 142539 | AU84: 143560 | AV84: 135629 | AW84: 136248 | AX84: 135311 | AY84: 131013 | AZ84: 114382 | BA84: 110510 | BB84: 104278
A85: Short-term | B85: 13000 | C85: 13000 | D85: 13000 | E85: 13000 | F85: 0 | G85: 0 | H85: 0 | I85: 0 | J85: 0 | K85: 0 | L85: 0 | M85: 0 | N85: 0 | O85: 3000 | P85: 3000 | Q85: 3000 | R85: 3000 | S85: 13000 | T85: 0 | U85: 3000 | V85: 0 | W85: 0 | X85: 0 | Y85: 0 | Z85: 0 | AA85: 0 | AB85: 0 | AC85: 2000 | AD85: 3000 | AE85: 0 | AF85: 0 | AG85: 0 | AH85: 0 | AI85: 0 | AJ85: 0 | AK85: 0 | AL85: 0 | AM85: 0 | AN85: 0 | AO85: 43395 | AP85: 44327 | AQ85: 0 | AR85: 0 | AS85: 0 | AT85: 0 | AU85: 0 | AV85: 0 | AW85: 0 | AX85: 0 | AY85: 0 | AZ85: 0 | BA85: 0 | BB85: 0
A86: Long-term | B86: 57300 | C86: 57300 | D86: 57300 | E86: 74800 | F86: 102800 | G86: 102800 | H86: 101800 | I86: 101800 | J86: 105800 | K86: 105800 | L86: 108800 | M86: 108800 | N86: 113800 | O86: 112800 | P86: 111800 | Q86: 111800 | R86: 106800 | S86: 96800 | T86: 119800 | U86: 116800 | V86: 106800 | W86: 106800 | X86: 106800 | Y86: 109800 | Z86: 107800 | AA86: 102800 | AB86: 102800 | AC86: 107800 | AD86: 118800 | AE86: 120521 | AF86: 160310 | AG86: 152064 | AH86: 133844 | AI86: 131637 | AJ86: 121085 | AK86: 121314 | AL86: 106808 | AM86: 107014 | AN86: 113859 | AO86: 124252 | AP86: 129357 | AQ86: 123460 | AR86: 120196 | AS86: 126654 | AT86: 142539 | AU86: 143560 | AV86: 135629 | AW86: 136248 | AX86: 135311 | AY86: 131013 | AZ86: 114382 | BA86: 110510 | BB86: 104278
A87: Long term, with a remaining maturity up to and including 1 year | Z87: 10000 | AA87: 0 | AB87: 0 | AC87: 15000 | AD87: 20000 | AE87: 25320 | AF87: 35733 | AG87: 20560 | AH87: 29551 | AI87: 24635 | AJ87: 14300 | AK87: 14300 | AL87: 0 | AM87: 14165 | AN87: 34492 | AO87: 34568 | AP87: 34505 | AQ87: 20400 | AR87: 12060 | AS87: 12062 | AT87: 19136 | AU87: 24222 | AV87: 27444 | AW87: 37723 | AX87: 35782 | AY87: 39901 | AZ87: 24960 | BA87: 13722 | BB87: 14491
A88: Long term, with a remaining maturity more than 1 year | Z88: 97800 | AA88: 102800 | AB88: 102800 | AC88: 92800 | AD88: 98800 | AE88: 95201 | AF88: 124577 | AG88: 131504 | AH88: 104292 | AI88: 107002 | AJ88: 106785 | AK88: 107014 | AL88: 106808 | AM88: 92849 | AN88: 79367 | AO88: 89684 | AP88: 94852 | AQ88: 103060 | AR88: 108136 | AS88: 114592 | AT88: 123403 | AU88: 119338 | AV88: 108184 | AW88: 98526 | AX88: 99528 | AY88: 91112 | AZ88: 89422 | BA88: 96788 | BB88: 89787
A90: Amount outstanding of debt securities in foreign currency
A91: Total | B91: 44334 | C91: 45244 | D91: 47989 | E91: 60151 | F91: 60865 | G91: 80641 | H91: 92809 | I91: 108694 | J91: 155254 | K91: 132109 | L91: 128072 | M91: 162920 | N91: 306811 | O91: 366209 | P91: 423691 | Q91: 505169 | R91: 493959 | S91: 477999 | T91: 489139 | U91: 494602 | V91: 477616 | W91: 489194 | X91: 534373 | Y91: 556297 | Z91: 590449 | AA91: 500721 | AB91: 487766 | AC91: 497472 | AD91: 489103 | AE91: 619820 | AF91: 532515 | AG91: 625962 | AH91: 606489 | AI91: 708399 | AJ91: 699301 | AK91: 920740 | AL91: 1217573 | AM91: 1228487 | AN91: 738723 | AO91: 1109098 | AP91: 2540242 | AQ91: 3501343 | AR91: 3991952 | AS91: 4524132 | AT91: 4627306 | AU91: 5266572 | AV91: 5378667 | AW91: 6210424 | AX91: 8700389 | AY91: 7349788 | AZ91: 7369725 | BA91: 8415224 | BB91: 7657326
A92: Short-term | B92: 0 | C92: 0 | D92: 0 | E92: 0 | F92: 0 | G92: 0 | H92: 0 | I92: 0 | J92: 0 | K92: 0 | L92: 0 | M92: 0 | N92: 0 | O92: 0 | P92: 10 | Q92: 316 | R92: 0 | S92: 0 | T92: 0 | U92: 0 | V92: 0 | W92: 0 | X92: 0 | Y92: 0 | Z92: 0 | AA92: 0 | AB92: 0 | AC92: 0 | AD92: 0 | AE92: 0 | AF92: 0 | AG92: 0 | AH92: 0 | AI92: 0 | AJ92: 0 | AK92: 0 | AL92: 6636 | AM92: 7539 | AN92: 4604 | AO92: 5186 | AP92: 66500 | AQ92: 73801 | AR92: 2375 | AS92: 4938 | AT92: 58511 | AU92: 91102 | AV92: 101861 | AW92: 74623 | AX92: 22368 | AY92: 36346 | AZ92: 58169 | BA92: 113687 | BB92: 108475
A93: Long-term | B93: 44334 | C93: 45244 | D93: 47989 | E93: 60151 | F93: 60865 | G93: 80641 | H93: 92809 | I93: 108694 | J93: 155254 | K93: 132109 | L93: 128072 | M93: 162920 | N93: 306811 | O93: 366209 | P93: 423681 | Q93: 504854 | R93: 493959 | S93: 477999 | T93: 489139 | U93: 494602 | V93: 477616 | W93: 489194 | X93: 534373 | Y93: 556297 | Z93: 590449 | AA93: 500721 | AB93: 487766 | AC93: 497472 | AD93: 489103 | AE93: 619820 | AF93: 532515 | AG93: 625962 | AH93: 606489 | AI93: 708399 | AJ93: 699301 | AK93: 920740 | AL93: 1210937 | AM93: 1220948 | AN93: 734119 | AO93: 1103912 | AP93: 2473742 | AQ93: 3427542 | AR93: 3989577 | AS93: 4519194 | AT93: 4568795 | AU93: 5175470 | AV93: 5276806 | AW93: 6135801 | AX93: 8678022 | AY93: 7313442 | AZ93: 7311556 | BA93: 8301537 | BB93: 7548851
A94: Long term, with a remaining maturity up to and including 1 year | Z94: 0 | AA94: 0 | AB94: 22686 | AC94: 23224 | AD94: 22319 | AE94: 28025 | AF94: 63 | AG94: 48942 | AH94: 46810 | AI94: 47406 | AJ94: 45851 | AK94: 874 | AL94: 45171 | AM94: 54136 | AN94: 32576 | AO94: 36797 | AP94: 44174 | AQ94: 84506 | AR94: 183597 | AS94: 223720 | AT94: 253756 | AU94: 375270 | AV94: 433194 | AW94: 560539 | AX94: 1245350 | AY94: 1256451 | AZ94: 1373859 | BA94: 1509620 | BB94: 916135
A95: Long term, with a remaining maturity more than 1 year | Z95: 590449 | AA95: 500721 | AB95: 465080 | AC95: 474248 | AD95: 466785 | AE95: 591794 | AF95: 532452 | AG95: 577019 | AH95: 559679 | AI95: 660993 | AJ95: 653450 | AK95: 919866 | AL95: 1165766 | AM95: 1166813 | AN95: 701544 | AO95: 1067115 | AP95: 2429568 | AQ95: 3343036 | AR95: 3805981 | AS95: 4295473 | AT95: 4315039 | AU95: 4800200 | AV95: 4843612 | AW95: 5575263 | AX95: 7432671 | AY95: 6056991 | AZ95: 5937697 | BA95: 6791917 | BB95: 6632716
A96: Central bank | B96: 0 | C96: 0 | D96: 0 | E96: 0 | F96: 0 | G96: 0 | H96: 0 | I96: 0 | J96: 0 | K96: 0 | L96: 0 | M96: 0 | N96: 0 | O96: 0 | P96: 0 | Q96: 0 | R96: 0 | S96: 0 | T96: 0 | U96: 0 | V96: 0 | W96: 0 | X96: 0 | Y96: 0 | Z96: 0 | AA96: 0 | AB96: 0 | AC96: 0 | AD96: 0 | AE96: 0 | AF96: 0 | AG96: 0 | AH96: 0 | AI96: 0 | AJ96: 0 | AK96: 0 | AL96: 0 | AM96: 0 | AN96: 0 | AO96: 0 | AP96: 0 | AQ96: 0 | AR96: 0 | AS96: 0 | AT96: 0 | AU96: 0 | AV96: 0 | AW96: 0 | AX96: 0 | AY96: 0 | AZ96: 0 | BA96: 0 | BB96: 0
A97: Short-term | B97: 0 | C97: 0 | D97: 0 | E97: 0 | F97: 0 | G97: 0 | H97: 0 | I97: 0 | J97: 0 | K97: 0 | L97: 0 | M97: 0 | N97: 0 | O97: 0 | P97: 0 | Q97: 0 | R97: 0 | S97: 0 | T97: 0 | U97: 0 | V97: 0 | W97: 0 | X97: 0 | Y97: 0 | Z97: 0 | AA97: 0 | AB97: 0 | AC97: 0 | AD97: 0 | AE97: 0 | AF97: 0 | AG97: 0 | AH97: 0 | AI97: 0 | AJ97: 0 | AK97: 0 | AL97: 0 | AM97: 0 | AN97: 0 | AO97: 0 | AP97: 0 | AQ97: 0 | AR97: 0 | AS97: 0 | AT97: 0 | AU97: 0 | AV97: 0 | AW97: 0 | AX97: 0 | AY97: 0 | AZ97: 0 | BA97: 0 | BB97: 0
A98: Long-term | B98: 0 | C98: 0 | D98: 0 | E98: 0 | F98: 0 | G98: 0 | H98: 0 | I98: 0 | J98: 0 | K98: 0 | L98: 0 | M98: 0 | N98: 0 | O98: 0 | P98: 0 | Q98: 0 | R98: 0 | S98: 0 | T98: 0 | U98: 0 | V98: 0 | W98: 0 | X98: 0 | Y98: 0 | Z98: 0 | AA98: 0 | AB98: 0 | AC98: 0 | AD98: 0 | AE98: 0 | AF98: 0 | AG98: 0 | AH98: 0 | AI98: 0 | AJ98: 0 | AK98: 0 | AL98: 0 | AM98: 0 | AN98: 0 | AO98: 0 | AP98: 0 | AQ98: 0 | AR98: 0 | AS98: 0 | AT98: 0 | AU98: 0 | AV98: 0 | AW98: 0 | AX98: 0 | AY98: 0 | AZ98: 0 | BA98: 0 | BB98: 0
A99: Long term, with a remaining maturity up to and including 1 year | Z99: 0 | AA99: 0 | AB99: 0 | AC99: 0 | AD99: 0 | AE99: 0 | AF99: 0 | AG99: 0 | AH99: 0 | AI99: 0 | AJ99: 0 | AK99: 0 | AL99: 0 | AM99: 0 | AN99: 0 | AO99: 0 | AP99: 0 | AQ99: 0 | AR99: 0 | AS99: 0 | AT99: 0 | AU99: 0 | AV99: 0 | AW99: 0 | AX99: 0 | AY99: 0 | AZ99: 0 | BA99: 0 | BB99: 0
A100: Long term, with a remaining maturity more than 1 year | Z100: 0 | AA100: 0 | AB100: 0 | AC100: 0 | AD100: 0 | AE100: 0 | AF100: 0 | AG100: 0 | AH100: 0 | AI100: 0 | AJ100: 0 | AK100: 0 | AL100: 0 | AM100: 0 | AN100: 0 | AO100: 0 | AP100: 0 | AQ100: 0 | AR100: 0 | AS100: 0 | AT100: 0 | AU100: 0 | AV100: 0 | AW100: 0 | AX100: 0 | AY100: 0 | AZ100: 0 | BA100: 0 | BB100: 0
A101: Other depository corporations | B101: 0 | C101: 0 | D101: 0 | E101: 0 | F101: 0 | G101: 0 | H101: 0 | I101: 0 | J101: 0 | K101: 0 | L101: 0 | M101: 0 | N101: 0 | O101: 0 | P101: 10 | Q101: 316 | R101: 9099 | S101: 8457 | T101: 8863 | U101: 9759 | V101: 10998 | W101: 25292 | X101: 28616 | Y101: 30313 | Z101: 35424 | AA101: 34842 | AB101: 34977 | AC101: 35660 | AD101: 44707 | AE101: 56588 | AF101: 51164 | AG101: 79086 | AH101: 73828 | AI101: 163477 | AJ101: 162373 | AK101: 163044 | AL101: 215006 | AM101: 242296 | AN101: 145750 | AO101: 160383 | AP101: 218027 | AQ101: 241479 | AR101: 272549 | AS101: 308332 | AT101: 343025 | AU101: 385649 | AV101: 667069 | AW101: 729819 | AX101: 757199 | AY101: 613478 | AZ101: 557402 | BA101: 591711 | BB101: 535822
A102: Short-term | B102: 0 | C102: 0 | D102: 0 | E102: 0 | F102: 0 | G102: 0 | H102: 0 | I102: 0 | J102: 0 | K102: 0 | L102: 0 | M102: 0 | N102: 0 | O102: 0 | P102: 10 | Q102: 316 | R102: 0 | S102: 0 | T102: 0 | U102: 0 | V102: 0 | W102: 0 | X102: 0 | Y102: 0 | Z102: 0 | AA102: 0 | AB102: 0 | AC102: 0 | AD102: 0 | AE102: 0 | AF102: 0 | AG102: 0 | AH102: 0 | AI102: 0 | AJ102: 0 | AK102: 0 | AL102: 0 | AM102: 0 | AN102: 0 | AO102: 0 | AP102: 0 | AQ102: 35 | AR102: 139 | AS102: 2443 | AT102: 3013 | AU102: 11488 | AV102: 37918 | AW102: 42770 | AX102: 22368 | AY102: 4778 | AZ102: 567 | BA102: 481 | BB102: 56
A103: Long-term | B103: 0 | C103: 0 | D103: 0 | E103: 0 | F103: 0 | G103: 0 | H103: 0 | I103: 0 | J103: 0 | K103: 0 | L103: 0 | M103: 0 | N103: 0 | O103: 0 | P103: 0 | Q103: 0 | R103: 9099 | S103: 8457 | T103: 8863 | U103: 9759 | V103: 10998 | W103: 25292 | X103: 28616 | Y103: 30313 | Z103: 35424 | AA103: 34842 | AB103: 34977 | AC103: 35660 | AD103: 44707 | AE103: 56588 | AF103: 51164 | AG103: 79086 | AH103: 73828 | AI103: 163477 | AJ103: 162373 | AK103: 163044 | AL103: 215006 | AM103: 242296 | AN103: 145750 | AO103: 160383 | AP103: 218027 | AQ103: 241444 | AR103: 272409 | AS103: 305889 | AT103: 340012 | AU103: 374160 | AV103: 629151 | AW103: 687049 | AX103: 734831 | AY103: 608700 | AZ103: 556835 | BA103: 591229 | BB103: 535766
...

Sheet Month (nominal value)
A2: Amount outstanding of debt securities issued in domestic market at nominal value | EL2: =EL125-'Month (market value)'!EK125 -> 34396 | EN2: =EN125-'Month (market value)'!EM125 -> 32840 | EP2: =EP125-'Month (market value)'!EO125 -> -17434 | ER2: =ER125-'Month (market value)'!EQ125 -> 51370 | ET2: =ET125-'Month (market value)'!ES125 -> -8605 | EV2: =EV125-'Month (market value)'!EU125 -> -72927
A3: (on date) | EL3: =3000*12 -> 36000 | EN3: =2750*12 -> 33000 | EP3: =2000*13 -> 26000 | ER3: =1250*13 -> 16250 | ET3: =1000*15 -> 15000
A4: Millions of Rubles | EL4: july | EN4: august | EP4: september | ER4: october | ET4: november
B5: 41275 | C5: 41306 | D5: 41334 | E5: 41365 | F5: 41395 | G5: 41426 | H5: 41456 | I5: 41487 | J5: 41518 | K5: 41548 | L5: 41579 | M5: 41609 | N5: 41640 | O5: 41671 | P5: 41699 | Q5: 41730 | R5: 41760 | S5: 41791 | T5: 41821 | U5: 41852 | V5: 41883 | W5: 41913 | X5: 41944 | Y5: 41974 | Z5: 42005 | AA5: 42036 | AB5: 42064 | AC5: 42095 | AD5: 42125 | AE5: 42156 | AF5: 42186 | AG5: 42217 | AH5: 42248 | AI5: 42278 | AJ5: 42309 | AK5: 42339 | AL5: 42370 | AM5: 42401 | AN5: 42430 | AO5: 42461 | AP5: 42491 | AQ5: 42522 | AR5: 42552 | AS5: 42583 | AT5: 42614 | AU5: 42644 | AV5: 42675 | AW5: 42705 | AX5: 42736 | AY5: 42767 | AZ5: 42795 | BA5: 42826 | BB5: 42856 | BC5: 42887 | BD5: 42917 | BE5: 42948 | BF5: 42979 | BG5: 43009 | BH5: 43040 | BI5: 43070 | BJ5: 43101 | BK5: 43132 | BL5: 43160 | BM5: 43191 | BN5: 43221 | BO5: 43252 | BP5: 43282 | BQ5: 43313 | BR5: 43344 | BS5: 43374 | BT5: 43405 | BU5: 43435 | BV5: 01.01.2019* | BW5: 43497 | BX5: 43525 | BY5: 43556 | BZ5: 43586 | CA5: 43617 | CB5: 43647 | CC5: 43678 | CD5: 43709 | CE5: 43739 | CF5: 43770 | CG5: 43800 | CH5: 43831 | CI5: 43862 | CJ5: 43891 | CK5: 43922 | CL5: 43952 | CM5: 43983 | CN5: 44013 | CO5: 44044 | CP5: 44075 | CQ5: 44105 | CR5: 44136 | CS5: 44166 | CT5: 44197 | CU5: 44228 | CV5: 44256 | CW5: 44287 | CX5: 44317 | CY5: 44348 | CZ5: 44378 | DA5: 44409 | DB5: 44440 | DC5: 44470 | DD5: 44501 | DE5: 44531 | DF5: 44562 | DG5: 44593 | DH5: 44621 | DI5: 44652 | DJ5: 44682 | DK5: 44713 | DL5: 44743 | DM5: 44774 | DN5: 44805 | DO5: 44835 | DP5: 44866 | DQ5: 44896 | DR5: 44927 | DS5: 44958 | DT5: 44986 | DU5: 45017 | DV5: 45047 | DW5: 45078 | DX5: 45108 | DY5: 45139 | DZ5: 45170 | EA5: 45200 | EB5: 45231 | EC5: 45261 | ED5: 45292 | EE5: 45323 | EF5: 45352 | EG5: 45383 | EH5: 45413 | EI5: 45444 | EK5: 45474 | EM5: 45505 | EO5: 45536 | EQ5: 45566 | ES5: 45597 | EU5: 45627 | EW5: 45658 | EX5: 45689 | EY5: 45717 | EZ5: 45748 | FA5: 45778 | FB5: 45809 | FC5: 45839 | FD5: 45870 | FE5: 45901 | FF5: 45931 | FG5: 45962 | FH5: 45992 | FI5: 46023 | FJ5: 46054
A6: Amount outstanding of debt securities - total
A7: Total | B7: 8516504 | C7: 8394063 | D7: 8520762 | E7: 8613445 | F7: 8772740 | G7: 8808909 | H7: 8913700 | I7: 8998623 | J7: 9096183 | K7: 9286909 | L7: 9529247 | M7: 9709743 | N7: 9779946 | O7: 9979647 | P7: 10062892 | Q7: 9955872 | R7: 9946395 | S7: 9993195 | T7: 10060011 | U7: 10282437 | V7: 10220938 | W7: 10296614 | X7: 10462618 | Y7: 10352206 | Z7: 12237465 | AA7: 12720721 | AB7: 12709787 | AC7: 12555631 | AD7: 12697248 | AE7: 12898492 | AF7: 12883426 | AG7: 13212770 | AH7: 13029085 | AI7: 13064426 | AJ7: 13258483 | AK7: 13383043 | AL7: 13600298 | AM7: 13591577 | AN7: 13475771 | AO7: 13669956 | AP7: 14059267 | AQ7: 14137996 | AR7: 14264113 | AS7: 14379269 | AT7: 14326499 | AU7: 14479652 | AV7: 14587678 | AW7: 14801976 | AX7: 15616388 | AY7: 15790950 | AZ7: 15950824 | BA7: 16197232 | BB7: 16297946 | BC7: 16737307 | BD7: 16941460 | BE7: 17318481 | BF7: 17731185 | BG7: 17847276 | BH7: 18344153 | BI7: 18452453 | BJ7: 19144405 | BK7: 19333072 | BL7: 19819833 | BM7: 20235101 | BN7: 20261759 | BO7: 20578482 | BP7: 20465232 | BQ7: 21013438 | BR7: 21050816 | BS7: 20991227 | BT7: 21015398 | BU7: 21317025 | BV7: 21227588 | BW7: 21504765 | BX7: 21629561 | BY7: 21908808 | BZ7: 22583291 | CA7: 22911681 | CB7: 23182889 | CC7: 23487811 | CD7: 23239118 | CE7: 22978950 | CF7: 23671204 | CG7: 24283955 | CH7: 25070699 | CI7: 25137964 | CJ7: 25854835 | CK7: 25633288 | CL7: 25915972 | CM7: 25669640 | CN7: 25715007 | CO7: 26218073 | CP7: 26646547 | CQ7: 27474233 | CR7: 28935825 | CS7: 30816462 | CT7: 31557716 | CU7: 31117583 | CV7: 31357693 | CW7: 32049396 | CX7: 32449404 | CY7: 32759502 | CZ7: 32805309 | DA7: 33188027 | DB7: 33509501 | DC7: 33891217 | DD7: 34008227 | DE7: 34016370 | DF7: 33895352 | DG7: 33906453 | DH7: 33939639 | DI7: 33712879 | DJ7: 33314475 | DK7: 33394038 | DL7: 33186753 | DM7: 33004490 | DN7: 33386060 | DO7: 33644123 | DP7: 34276564 | DQ7: 35699230 | DR7: 38196529 | DS7: 38362718 | DT7: 39031021 | DU7: 39686752 | DV7: 40416690 | DW7: 40699497 | DX7: 41532038 | DY7: 42488617 | DZ7: 42948067 | EA7: 43293476 | EB7: 43266614 | EC7: 43504703 | ED7: 45350008 | EE7: 45602421 | EF7: 46062237 | EG7: 46859535 | EH7: 46866370 | EI7: 47237090 | EJ7: =EK7-EI7 -> 248779 | EK7: 47485869 | EL7: =EM7-EK7 -> 139110 | EM7: 47624979 | EN7: =EO7-EM7 -> 1014599 | EO7: 48639578 | EP7: =EQ7-EO7 -> 1094825 | EQ7: 49734403 | ER7: =ES7-EQ7 -> 400112 | ES7: 50134515 | ET7: =EU7-ES7 -> 1106463 | EU7: 51240978 | EV7: =EW7-EU7 -> 5713648 | EW7: 56954626 | EX7: 56922877 | EY7: 57180927 | EZ7: 57945806 | FA7: 59046726 | FB7: 59629599 | FC7: 60519471 | FD7: 61816617 | FE7: 62912239 | FF7: 63791443 | FG7: 64843154 | FH7: 66485081 | FI7: 68005551 | FJ7: 67933097
A8: Short-term | B8: 13000 | C8: 13000 | D8: 15000 | E8: 15000 | F8: 15000 | G8: 15000 | H8: 15000 | I8: 15000 | J8: 15000 | K8: 15000 | L8: 2000 | M8: 2000 | N8: 2000 | O8: 0 | P8: 0 | Q8: 873 | R8: 873 | S8: 15873 | T8: 15873 | U8: 15873 | V8: 15873 | W8: 15873 | X8: 30873 | Y8: 30873 | Z8: 0 | AA8: 0 | AB8: 0 | AC8: 0 | AD8: 0 | AE8: 0 | AF8: 0 | AG8: 0 | AH8: 0 | AI8: 0 | AJ8: 0 | AK8: 0 | AL8: 0 | AM8: 3000 | AN8: 3000 | AO8: 3000 | AP8: 3000 | AQ8: 3000 | AR8: 3010 | AS8: 3010 | AT8: 3334 | AU8: 3416 | AV8: 8317 | AW8: 33869 | AX8: 4086 | AY8: 41162 | AZ8: 46406 | BA8: 71413 | BB8: 20166 | BC8: 60366 | BD8: 81738 | BE8: 54661 | BF8: 216553 | BG8: 165588 | BH8: 381161 | BI8: 353133 | BJ8: 399890 | BK8: 649436 | BL8: 869853 | BM8: 1225796 | BN8: 1139534 | BO8: 1377555 | BP8: 1196256 | BQ8: 1548903 | BR8: 1514004 | BS8: 1540427 | BT8: 1542713 | BU8: 1685646 | BV8: 1396218 | BW8: 1552566 | BX8: 1581207 | BY8: 1537398 | BZ8: 1578063 | CA8: 1696418 | CB8: 1814693 | CC8: 1642160 | CD8: 1330307 | CE8: 981499 | CF8: 1273409 | CG8: 1659789 | CH8: 2115601 | CI8: 2254081 | CJ8: 2091353 | CK8: 1713463 | CL8: 1678696 | CM8: 1249139 | CN8: 871475 | CO8: 869945 | CP8: 978923 | CQ8: 958202 | CR8: 827466 | CS8: 723910 | CT8: 707112 | CU8: 681343 | CV8: 669477 | CW8: 756482 | CX8: 761270 | CY8: 772167 | CZ8: 723835 | DA8: 684598 | DB8: 666657 | DC8: 691104 | DD8: 576184 | DE8: 311498 | DF8: 154503 | DG8: 158785 | DH8: 157029 | DI8: 147605 | DJ8: 142873 | DK8: 148413 | DL8: 139711 | DM8: 177383 | DN8: 207044 | DO8: 234748 | DP8: 234945 | DQ8: 175943 | DR8: 208173 | DS8: 225651 | DT8: 163986 | DU8: 196119 | DV8: 105534 | DW8: 142092 | DX8: 154967 | DY8: 200743 | DZ8: 208588 | EA8: 296876 | EB8: 344800 | EC8: 312728 | ED8: 347640 | EE8: 459259 | EF8: 365623 | EG8: 461426 | EH8: 425034 | EI8: 466260 | EJ8: =EK8-EI8 -> -19327 | EK8: 446933 | EL8: =EM8-EK8 -> -56224 | EM8: 390709 | EN8: =EO8-EM8 -> -82353 | EO8: 308356 | EP8: =EQ8-EO8 -> 40506 | EQ8: 348862 | ER8: =ES8-EQ8 -> -111788 | ES8: 237074 | ET8: =EU8-ES8 -> -21880 | EU8: 215194 | EV8: =EW8-EU8 -> 195864 | EW8: 411058 | EX8: 399510 | EY8: 441507 | EZ8: 460775 | FA8: 480984 | FB8: 514392 | FC8: 487419 | FD8: 557671 | FE8: 601158 | FF8: 553905 | FG8: 574254 | FH8: 490813 | FI8: 492925 | FJ8: 496816
A9: Long-term | B9: 8503504 | C9: 8381063 | D9: 8505762 | E9: 8598445 | F9: 8757740 | G9: 8793909 | H9: 8898700 | I9: 8983623 | J9: 9081183 | K9: 9271909 | L9: 9527247 | M9: 9707743 | N9: 9777946 | O9: 9979647 | P9: 10062892 | Q9: 9954999 | R9: 9945522 | S9: 9977322 | T9: 10044138 | U9: 10266564 | V9: 10205065 | W9: 10280741 | X9: 10431745 | Y9: 10321333 | Z9: 12237465 | AA9: 12720721 | AB9: 12709787 | AC9: 12555631 | AD9: 12697248 | AE9: 12898492 | AF9: 12883426 | AG9: 13212770 | AH9: 13029085 | AI9: 13064426 | AJ9: 13258483 | AK9: 13383043 | AL9: 13600298 | AM9: 13588577 | AN9: 13472771 | AO9: 13666956 | AP9: 14056267 | AQ9: 14134996 | AR9: 14261103 | AS9: 14376259 | AT9: 14323164 | AU9: 14476237 | AV9: 14579361 | AW9: 14768107 | AX9: 15612302 | AY9: 15749788 | AZ9: 15904418 | BA9: 16125819 | BB9: 16277779 | BC9: 16676941 | BD9: 16859722 | BE9: 17263820 | BF9: 17514632 | BG9: 17681688 | BH9: 17962992 | BI9: 18099320 | BJ9: 18744515 | BK9: 18683636 | BL9: 18949979 | BM9: 19009304 | BN9: 19122225 | BO9: 19200927 | BP9: 19268976 | BQ9: 19464535 | BR9: 19536811 | BS9: 19450800 | BT9: 19472685 | BU9: 19631378 | BV9: 19831370 | BW9: 19952200 | BX9: 20048354 | BY9: 20371410 | BZ9: 21005228 | CA9: 21215263 | CB9: 21368196 | CC9: 21845651 | CD9: 21908812 | CE9: 21997452 | CF9: 22397795 | CG9: 22624166 | CH9: 22955098 | CI9: 22883883 | CJ9: 23763482 | CK9: 23919825 | CL9: 24237276 | CM9: 24420500 | CN9: 24843532 | CO9: 25348128 | CP9: 25667624 | CQ9: 26516032 | CR9: 28108359 | CS9: 30092552 | CT9: 30850604 | CU9: 30436240 | CV9: 30688216 | CW9: 31292914 | CX9: 31688134 | CY9: 31987335 | CZ9: 32081473 | DA9: 32503429 | DB9: 32842844 | DC9: 33200113 | DD9: 33432044 | DE9: 33704872 | DF9: 33740849 | DG9: 33747669 | DH9: 33782610 | DI9: 33565274 | DJ9: 33171602 | DK9: 33245625 | DL9: 33047042 | DM9: 32827107 | DN9: 33179016 | DO9: 33409375 | DP9: 34041620 | DQ9: 35523287 | DR9: 37988356 | DS9: 38137067 | DT9: 38867035 | DU9: 39490634 | DV9: 40311156 | DW9: 40557405 | DX9: 41377071 | DY9: 42287874 | DZ9: 42739479 | EA9: 42996601 | EB9: 42921813 | EC9: 43191975 | ED9: 45002368 | EE9: 45143162 | EF9: 45696614 | EG9: 46398109 | EH9: 46441337 | EI9: 46770830 | EJ9: =EK9-EI9 -> 268106 | EK9: 47038936 | EL9: =EM9-EK9 -> 195334 | EM9: 47234270 | EN9: =EO9-EM9 -> 1096952 | EO9: 48331222 | EP9: =EQ9-EO9 -> 1054319 | EQ9: 49385541 | ER9: =ES9-EQ9 -> 511901 | ES9: 49897442 | ET9: =EU9-ES9 -> 1128341 | EU9: 51025783 | EV9: =EW9-EU9 -> 5517785 | EW9: 56543568 | EX9: 56523367 | EY9: 56739420 | EZ9: 57485031 | FA9: 58565742 | FB9: 59115206 | FC9: 60032052 | FD9: 61258946 | FE9: 62311081 | FF9: 63237538 | FG9: 64268900 | FH9: 65994268 | FI9: 67512626 | FJ9: 67436281
A10: Long term, with a remaining maturity up to and including 1 year | BV10: 1222726 | BW10: 1471603 | BX10: 1401547 | BY10: 1401520 | BZ10: 1380261 | CA10: 1397524 | CB10: 1478618 | CC10: 1452613 | CD10: 1443519 | CE10: 1431756 | CF10: 1417652 | CG10: 1413920 | CH10: 1768259 | CI10: 1944663 | CJ10: 2066904 | CK10: 2171695 | CL10: 2424535 | CM10: 2147878 | CN10: 2410824 | CO10: 2486836 | CP10: 2873011 | CQ10: 2860092 | CR10: 2788719 | CS10: 2868679 | CT10: 2799286 | CU10: 2425606 | CV10: 2432270 | CW10: 2338287 | CX10: 2159513 | CY10: 2158365 | CZ10: 1928866 | DA10: 2383751 | DB10: 2023759 | DC10: 1984694 | DD10: 2098127 | DE10: 2223125 | DF10: 2261708 | DG10: 2502540 | DH10: 2427553 | DI10: 2505181 | DJ10: 2393843 | DK10: 2561877 | DL10: 2582574 | DM10: 2127181 | DN10: 2677429 | DO10: 2678935 | DP10: 2872653 | DQ10: 2764426 | DR10: 2357902 | DS10: 2188717 | DT10: 2594329 | DU10: 2588135 | DV10: 2994359 | DW10: 2921397 | DX10: 2888416 | DY10: 3324555 | DZ10: 2867359 | EA10: 2976886 | EB10: 3034297 | EC10: 3340354 | ED10: 3451840 | EE10: 3750181 | EF10: 3463210 | EG10: 3738375 | EH10: 3562907 | EI10: 3580890 | EJ10: =EK10-EI10 -> 3574 | EK10: 3584464 | EL10: =EM10-EK10 -> 111105 | EM10: 3695569 | EN10: =EO10-EM10 -> 112791 | EO10: 3808360 | EP10: =EQ10-EO10 -> 44034 | EQ10: 3852394 | ER10: =ES10-EQ10 -> -162634 | ES10: 3689760 | ET10: =EU10-ES10 -> 700411 | EU10: 4390171 | EV10: =EW10-EU10 -> 169461 | EW10: 4559632 | EX10: 4177558 | EY10: 4213141 | EZ10: 4468526 | FA10: 4538167 | FB10: 4877054 | FC10: 5087753 | FD10: 4906995 | FE10: 5150665 | FF10: 5750697 | FG10: 6110808 | FH10: 5858122 | FI10: 5874459 | FJ10: 5730767
A11: Long term, with a remaining maturity more than 1 year | BV11: 18608644 | BW11: 18480597 | BX11: 18646808 | BY11: 18969891 | BZ11: 19624966 | CA11: 19817739 | CB11: 19889578 | CC11: 20393038 | CD11: 20465293 | CE11: 20565696 | CF11: 20980143 | CG11: 21210246 | CH11: 21186839 | CI11: 20939220 | CJ11: 21696577 | CK11: 21748130 | CL11: 21812741 | CM11: 22272623 | CN11: 22432709 | CO11: 22861292 | CP11: 22794613 | CQ11: 23655940 | CR11: 25319640 | CS11: 27223873 | CT11: 28051318 | CU11: 28010633 | CV11: 28255946 | CW11: 28954626 | CX11: 29528620 | CY11: 29828970 | CZ11: 30152607 | DA11: 30119678 | DB11: 30819086 | DC11: 31215419 | DD11: 31333916 | DE11: 31481747 | DF11: 31479141 | DG11: 31245129 | DH11: 31355057 | DI11: 31060093 | DJ11: 30777759 | DK11: 30683748 | DL11: 30464468 | DM11: 30699926 | DN11: 30501587 | DO11: 30730440 | DP11: 31168967 | DQ11: 32758861 | DR11: 35630455 | DS11: 35948351 | DT11: 36272706 | DU11: 36902499 | DV11: 37316797 | DW11: 37636008 | DX11: 38488655 | DY11: 38963319 | DZ11: 39872119 | EA11: 40019715 | EB11: 39887516 | EC11: 39851621 | ED11: 41550528 | EE11: 41392982 | EF11: 42233404 | EG11: 42659734 | EH11: 42878430 | EI11: 43189941 | EJ11: =EK11-EI11 -> 264531 | EK11: 43454472 | EL11: =EM11-EK11 -> 84228 | EM11: 43538700 | EN11: =EO11-EM11 -> 984162 | EO11: 44522862 | EP11: =EQ11-EO11 -> 1010285 | EQ11: 45533147 | ER11: =ES11-EQ11 -> 674535 | ES11: 46207682 | ET11: =EU11-ES11 -> 427931 | EU11: 46635613 | EV11: =EW11-EU11 -> 5348323 | EW11: 51983936 | EX11: 52345809 | EY11: 52526279 | EZ11: 53016506 | FA11: 54027575 | FB11: 54238153 | FC11: 54944299 | FD11: 56351951 | FE11: 57160416 | FF11: 57486841 | FG11: 58158092 | FH11: 60136146 | FI11: 61638167 | FJ11: 61705514
A12: Central bank | B12: 0 | C12: 0 | D12: 0 | E12: 0 | F12: 0 | G12: 0 | H12: 0 | I12: 0 | J12: 0 | K12: 0 | L12: 0 | M12: 0 | N12: 0 | O12: 0 | P12: 0 | Q12: 0 | R12: 0 | S12: 0 | T12: 0 | U12: 0 | V12: 0 | W12: 0 | X12: 0 | Y12: 0 | Z12: 0 | AA12: 0 | AB12: 0 | AC12: 0 | AD12: 0 | AE12: 0 | AF12: 0 | AG12: 0 | AH12: 0 | AI12: 0 | AJ12: 0 | AK12: 0 | AL12: 0 | AM12: 0 | AN12: 0 | AO12: 0 | AP12: 0 | AQ12: 0 | AR12: 0 | AS12: 0 | AT12: 0 | AU12: 0 | AV12: 0 | AW12: 0 | AX12: 0 | AY12: 0 | AZ12: 0 | BA12: 0 | BB12: 0 | BC12: 0 | BD12: 0 | BE12: 0 | BF12: 149530 | BG12: 149530 | BH12: 325158 | BI12: 303962 | BJ12: 352321 | BK12: 493641 | BL12: 700189 | BM12: 1128680 | BN12: 1041898 | BO12: 1205347 | BP12: 1112149 | BQ12: 1438878 | BR12: 1400158 | BS12: 1486459 | BT12: 1432800 | BU12: 1616930 | BV12: 1374230 | BW12: 1500000 | BX12: 1500000 | BY12: 1500000 | BZ12: 1500000 | CA12: 1600000 | CB12: 1700000 | CC12: 1500000 | CD12: 1200000 | CE12: 800000 | CF12: 1100000 | CG12: 1500000 | CH12: 1936705 | CI12: 2052691 | CJ12: 1873418 | CK12: 1544228 | CL12: 1519165 | CM12: 1109740 | CN12: 708128 | CO12: 707708 | CP12: 830037 | CQ12: 818535 | CR12: 698438 | CS12: 606413 | CT12: 574227 | CU12: 555056 | CV12: 545212 | CW12: 645069 | CX12: 658450 | CY12: 676913 | CZ12: 626380 | DA12: 596104 | DB12: 575867 | DC12: 603353 | DD12: 467491 | DE12: 163898 | DF12: 0 | DG12: 0 | DH12: 0 | DI12: 0 | DJ12: 0 | DK12: 0 | DL12: 0 | DM12: 0 | DN12: 0 | DO12: 0 | DP12: 0 | DQ12: 0 | DR12: 0 | DS12: 0 | DT12: 0 | DU12: 0 | DV12: 0 | DW12: 0 | DX12: 0 | DY12: 0 | DZ12: 0 | EA12: 0 | EB12: 0 | EC12: 0 | ED12: 0 | EE12: 0 | EF12: 0 | EG12: 0 | EH12: 0 | EI12: 0 | EJ12: =EK12-EI12 -> 0 | EK12: 0 | EL12: =EM12-EK12 -> 0 | EM12: 0 | EN12: =EO12-EM12 -> 0 | EO12: 0 | EP12: =EQ12-EO12 -> 0 | EQ12: 0 | ER12: =ES12-EQ12 -> 0 | ES12: 0 | ET12: =EU12-ES12 -> 0 | EU12: 0 | EV12: =EW12-EU12 -> 0 | EW12: 0 | EX12: 0 | EY12: 0 | EZ12: 0 | FA12: 0 | FB12: 0 | FC12: 0 | FD12: 0 | FE12: 0 | FF12: 0 | FG12: 0 | FH12: 0 | FI12: 0 | FJ12: 0
A13: Short-term | B13: 0 | C13: 0 | D13: 0 | E13: 0 | F13: 0 | G13: 0 | H13: 0 | I13: 0 | J13: 0 | K13: 0 | L13: 0 | M13: 0 | N13: 0 | O13: 0 | P13: 0 | Q13: 0 | R13: 0 | S13: 0 | T13: 0 | U13: 0 | V13: 0 | W13: 0 | X13: 0 | Y13: 0 | Z13: 0 | AA13: 0 | AB13: 0 | AC13: 0 | AD13: 0 | AE13: 0 | AF13: 0 | AG13: 0 | AH13: 0 | AI13: 0 | AJ13: 0 | AK13: 0 | AL13: 0 | AM13: 0 | AN13: 0 | AO13: 0 | AP13: 0 | AQ13: 0 | AR13: 0 | AS13: 0 | AT13: 0 | AU13: 0 | AV13: 0 | AW13: 0 | AX13: 0 | AY13: 0 | AZ13: 0 | BA13: 0 | BB13: 0 | BC13: 0 | BD13: 0 | BE13: 0 | BF13: 149530 | BG13: 149530 | BH13: 325158 | BI13: 303962 | BJ13: 352321 | BK13: 493641 | BL13: 700189 | BM13: 1128680 | BN13: 1041898 | BO13: 1205347 | BP13: 1112149 | BQ13: 1438878 | BR13: 1400158 | BS13: 1486459 | BT13: 1432800 | BU13: 1616930 | BV13: 1374230 | BW13: 1500000 | BX13: 1500000 | BY13: 1500000 | BZ13: 1500000 | CA13: 1600000 | CB13: 1700000 | CC13: 1500000 | CD13: 1200000 | CE13: 800000 | CF13: 1100000 | CG13: 1500000 | CH13: 1936705 | CI13: 2052691 | CJ13: 1873418 | CK13: 1544228 | CL13: 1519165 | CM13: 1109740 | CN13: 708128 | CO13: 707708 | CP13: 830037 | CQ13: 818535 | CR13: 698438 | CS13: 606413 | CT13: 574227 | CU13: 555056 | CV13: 545212 | CW13: 645069 | CX13: 658450 | CY13: 676913 | CZ13: 626380 | DA13: 596104 | DB13: 575867 | DC13: 603353 | DD13: 467491 | DE13: 163898 | DF13: 0 | DG13: 0 | DH13: 0 | DI13: 0 | DJ13: 0 | DK13: 0 | DL13: 0 | DM13: 0 | DN13: 0 | DO13: 0 | DP13: 0 | DQ13: 0 | DR13: 0 | DS13: 0 | DT13: 0 | DU13: 0 | DV13: 0 | DW13: 0 | DX13: 0 | DY13: 0 | DZ13: 0 | EA13: 0 | EB13: 0 | EC13: 0 | ED13: 0 | EE13: 0 | EF13: 0 | EG13: 0 | EH13: 0 | EI13: 0 | EJ13: =EK13-EI13 -> 0 | EK13: 0 | EL13: =EM13-EK13 -> 0 | EM13: 0 | EN13: =EO13-EM13 -> 0 | EO13: 0 | EP13: =EQ13-EO13 -> 0 | EQ13: 0 | ER13: =ES13-EQ13 -> 0 | ES13: 0 | ET13: =EU13-ES13 -> 0 | EU13: 0 | EV13: =EW13-EU13 -> 0 | EW13: 0 | EX13: 0 | EY13: 0 | EZ13: 0 | FA13: 0 | FB13: 0 | FC13: 0 | FD13: 0 | FE13: 0 | FF13: 0 | FG13: 0 | FH13: 0 | FI13: 0 | FJ13: 0
A14: Long-term | B14: 0 | C14: 0 | D14: 0 | E14: 0 | F14: 0 | G14: 0 | H14: 0 | I14: 0 | J14: 0 | K14: 0 | L14: 0 | M14: 0 | N14: 0 | O14: 0 | P14: 0 | Q14: 0 | R14: 0 | S14: 0 | T14: 0 | U14: 0 | V14: 0 | W14: 0 | X14: 0 | Y14: 0 | Z14: 0 | AA14: 0 | AB14: 0 | AC14: 0 | AD14: 0 | AE14: 0 | AF14: 0 | AG14: 0 | AH14: 0 | AI14: 0 | AJ14: 0 | AK14: 0 | AL14: 0 | AM14: 0 | AN14: 0 | AO14: 0 | AP14: 0 | AQ14: 0 | AR14: 0 | AS14: 0 | AT14: 0 | AU14: 0 | AV14: 0 | AW14: 0 | AX14: 0 | AY14: 0 | AZ14: 0 | BA14: 0 | BB14: 0 | BC14: 0 | BD14: 0 | BE14: 0 | BF14: 0 | BG14: 0 | BH14: 0 | BI14: 0 | BJ14: 0 | BK14: 0 | BL14: 0 | BM14: 0 | BN14: 0 | BO14: 0 | BP14: 0 | BQ14: 0 | BR14: 0 | BS14: 0 | BT14: 0 | BU14: 0 | BV14: 0 | BW14: 0 | BX14: 0 | BY14: 0 | BZ14: 0 | CA14: 0 | CB14: 0 | CC14: 0 | CD14: 0 | CE14: 0 | CF14: 0 | CG14: 0 | CH14: 0 | CI14: 0 | CJ14: 0 | CK14: 0 | CL14: 0 | CM14: 0 | CN14: 0 | CO14: 0 | CP14: 0 | CQ14: 0 | CR14: 0 | CS14: 0 | CT14: 0 | CU14: 0 | CV14: 0 | CW14: 0 | CX14: 0 | CY14: 0 | CZ14: 0 | DA14: 0 | DB14: 0 | DC14: 0 | DD14: 0 | DE14: 0 | DF14: 0 | DG14: 0 | DH14: 0 | DI14: 0 | DJ14: 0 | DK14: 0 | DL14: 0 | DM14: 0 | DN14: 0 | DO14: 0 | DP14: 0 | DQ14: 0 | DR14: 0 | DS14: 0 | DT14: 0 | DU14: 0 | DV14: 0 | DW14: 0 | DX14: 0 | DY14: 0 | DZ14: 0 | EA14: 0 | EB14: 0 | EC14: 0 | ED14: 0 | EE14: 0 | EF14: 0 | EG14: 0 | EH14: 0 | EI14: 0 | EJ14: =EK14-EI14 -> 0 | EK14: 0 | EL14: =EM14-EK14 -> 0 | EM14: 0 | EN14: =EO14-EM14 -> 0 | EO14: 0 | EP14: =EQ14-EO14 -> 0 | EQ14: 0 | ER14: =ES14-EQ14 -> 0 | ES14: 0 | ET14: =EU14-ES14 -> 0 | EU14: 0 | EV14: =EW14-EU14 -> 0 | EW14: 0 | EX14: 0 | EY14: 0 | EZ14: 0 | FA14: 0 | FB14: 0 | FC14: 0 | FD14: 0 | FE14: 0 | FF14: 0 | FG14: 0 | FH14: 0 | FI14: 0 | FJ14: 0
A15: Long term, with a remaining maturity up to and including 1 year | BV15: 0 | BW15: 0 | BX15: 0 | BY15: 0 | BZ15: 0 | CA15: 0 | CB15: 0 | CC15: 0 | CD15: 0 | CE15: 0 | CF15: 0 | CG15: 0 | CH15: 0 | CI15: 0 | CJ15: 0 | CK15: 0 | CL15: 0 | CM15: 0 | CN15: 0 | CO15: 0 | CP15: 0 | CQ15: 0 | CR15: 0 | CS15: 0 | CT15: 0 | CU15: 0 | CV15: 0 | CW15: 0 | CX15: 0 | CY15: 0 | CZ15: 0 | DA15: 0 | DB15: 0 | DC15: 0 | DD15: 0 | DE15: 0 | DF15: 0 | DG15: 0 | DH15: 0 | DI15: 0 | DJ15: 0 | DK15: 0 | DL15: 0 | DM15: 0 | DN15: 0 | DO15: 0 | DP15: 0 | DQ15: 0 | DR15: 0 | DS15: 0 | DT15: 0 | DU15: 0 | DV15: 0 | DW15: 0 | DX15: 0 | DY15: 0 | DZ15: 0 | EA15: 0 | EB15: 0 | EC15: 0 | ED15: 0 | EE15: 0 | EF15: 0 | EG15: 0 | EH15: 0 | EI15: 0 | EJ15: =EK15-EI15 -> 0 | EK15: 0 | EL15: =EM15-EK15 -> 0 | EM15: 0 | EN15: =EO15-EM15 -> 0 | EO15: 0 | EP15: =EQ15-EO15 -> 0 | EQ15: 0 | ER15: =ES15-EQ15 -> 0 | ES15: 0 | ET15: =EU15-ES15 -> 0 | EU15: 0 | EV15: =EW15-EU15 -> 0 | EW15: 0 | EX15: 0 | EY15: 0 | EZ15: 0 | FA15: 0 | FB15: 0 | FC15: 0 | FD15: 0 | FE15: 0 | FF15: 0 | FG15: 0 | FH15: 0 | FI15: 0 | FJ15: 0
A16: Long term, with a remaining maturity more than 1 year | BV16: 0 | BW16: 0 | BX16: 0 | BY16: 0 | BZ16: 0 | CA16: 0 | CB16: 0 | CC16: 0 | CD16: 0 | CE16: 0 | CF16: 0 | CG16: 0 | CH16: 0 | CI16: 0 | CJ16: 0 | CK16: 0 | CL16: 0 | CM16: 0 | CN16: 0 | CO16: 0 | CP16: 0 | CQ16: 0 | CR16: 0 | CS16: 0 | CT16: 0 | CU16: 0 | CV16: 0 | CW16: 0 | CX16: 0 | CY16: 0 | CZ16: 0 | DA16: 0 | DB16: 0 | DC16: 0 | DD16: 0 | DE16: 0 | DF16: 0 | DG16: 0 | DH16: 0 | DI16: 0 | DJ16: 0 | DK16: 0 | DL16: 0 | DM16: 0 | DN16: 0 | DO16: 0 | DP16: 0 | DQ16: 0 | DR16: 0 | DS16: 0 | DT16: 0 | DU16: 0 | DV16: 0 | DW16: 0 | DX16: 0 | DY16: 0 | DZ16: 0 | EA16: 0 | EB16: 0 | EC16: 0 | ED16: 0 | EE16: 0 | EF16: 0 | EG16: 0 | EH16: 0 | EI16: 0 | EJ16: =EK16-EI16 -> 0 | EK16: 0 | EL16: =EM16-EK16 -> 0 | EM16: 0 | EN16: =EO16-EM16 -> 0 | EO16: 0 | EP16: =EQ16-EO16 -> 0 | EQ16: 0 | ER16: =ES16-EQ16 -> 0 | ES16: 0 | ET16: =EU16-ES16 -> 0 | EU16: 0 | EV16: =EW16-EU16 -> 0 | EW16: 0 | EX16: 0 | EY16: 0 | EZ16: 0 | FA16: 0 | FB16: 0 | FC16: 0 | FD16: 0 | FE16: 0 | FF16: 0 | FG16: 0 | FH16: 0 | FI16: 0 | FJ16: 0
A17: Other depository corporations | B17: 1136389 | C17: 1116889 | D17: 1200371 | E17: 1219871 | F17: 1242371 | G17: 1240425 | H17: 1233855 | I17: 1253510 | J17: 1265993 | K17: 1306554 | L17: 1372134 | M17: 1355316 | N17: 1354406 | O17: 1360463 | P17: 1338840 | Q17: 1337946 | R17: 1322946 | S17: 1343505 | T17: 1379623 | U17: 1367852 | V17: 1378488 | W17: 1420707 | X17: 1458707 | Y17: 1439110 | Z17: 1518473 | AA17: 1547368 | AB17: 1534883 | AC17: 1517104 | AD17: 1517563 | AE17: 1515042 | AF17: 1570534 | AG17: 1614034 | AH17: 1555502 | AI17: 1545062 | AJ17: 1566062 | AK17: 1566652 | AL17: 1585148 | AM17: 1547348 | AN17: 1472812 | AO17: 1489579 | AP17: 1495079 | AQ17: 1521581 | AR17: 1526017 | AS17: 1510517 | AT17: 1504343 | AU17: 1468339 | AV17: 1451240 | AW17: 1463990 | AX17: 1464342 | AY17: 1511443 | AZ17: 1499301 | BA17: 1533122 | BB17: 1506934 | BC17: 1640161 | BD17: 1663764 | BE17: 1626869 | BF17: 1628607 | BG17: 1576772 | BH17: 1688126 | BI17: 1694260 | BJ17: 1669698 | BK17: 1748586 | BL17: 1752773 | BM17: 1733448 | BN17: 1712661 | BO17: 1768707 | BP17: 1683752 | BQ17: 1777405 | BR17: 1830943 | BS17: 1802302 | BT17: 1813549 | BU17: 1811980 | BV17: 1861298 | BW17: 1901619 | BX17: 1917375 | BY17: 1943799 | BZ17: 2045135 | CA17: 2098176 | CB17: 2092528 | CC17: 2190122 | CD17: 2179663 | CE17: 2264869 | CF17: 2317790 | CG17: 2321480 | CH17: 2407513 | CI17: 2430317 | CJ17: 2465280 | CK17: 2482443 | CL17: 2463052 | CM17: 2443903 | CN17: 2426205 | CO17: 2524741 | CP17: 2551612 | CQ17: 2524372 | CR17: 2573873 | CS17: 2673081 | CT17: 2743925 | CU17: 2730662 | CV17: 2814384 | CW17: 2831494 | CX17: 2878227 | CY17: 2854794 | CZ17: 2983903 | DA17: 2982709 | DB17: 3009918 | DC17: 3061149 | DD17: 3054055 | DE17: 3120478 | DF17: 3229968 | DG17: 3224547 | DH17: 3153658 | DI17: 3118855 | DJ17: 3010317 | DK17: 2986795 | DL17: 2911401 | DM17: 2917264 | DN17: 2896265 | DO17: 2846795 | DP17: 2816161 | DQ17: 2882699 | DR17: 2872688 | DS17: 2826729 | DT17: 2956553 | DU17: 2977694 | DV17: 2960241 | DW17: 2958885 | DX17: 3040516 | DY17: 3105305 | DZ17: 3066248 | EA17: 3046477 | EB17: 3092155 | EC17: 3019357 | ED17: 3041046 | EE17: 3114872 | EF17: 3121273 | EG17: 3155764 | EH17: 3157186 | EI17: 3121405 | EJ17: =EK17-EI17 -> 172415 | EK17: 3293820 | EL17: =EM17-EK17 -> -51225 | EM17: 3242595 | EN17: =EO17-EM17 -> 71201 | EO17: 3313796 | EP17: =EQ17-EO17 -> 35532 | EQ17: 3349328 | ER17: =ES17-EQ17 -> 53679 | ES17: 3403007 | ET17: =EU17-ES17 -> -60420 | EU17: 3342587 | EV17: =EW17-EU17 -> 39552 | EW17: 3382139 | EX17: 3313853 | EY17: 3190196 | EZ17: 3208091 | FA17: 3213495 | FB17: 3186251 | FC17: 3206508 | FD17: 3218320 | FE17: 3230059 | FF17: 3259097 | FG17: 3210496 | FH17: 3150150 | FI17: 3232770 | FJ17: 3178819
A18: Short-term | B18: 0 | C18: 0 | D18: 0 | E18: 0 | F18: 0 | G18: 0 | H18: 0 | I18: 0 | J18: 0 | K18: 0 | L18: 0 | M18: 0 | N18: 0 | O18: 0 | P18: 0 | Q18: 0 | R18: 0 | S18: 0 | T18: 0 | U18: 0 | V18: 0 | W18: 0 | X18: 0 | Y18: 0 | Z18: 0 | AA18: 0 | AB18: 0 | AC18: 0 | AD18: 0 | AE18: 0 | AF18: 0 | AG18: 0 | AH18: 0 | AI18: 0 | AJ18: 0 | AK18: 0 | AL18: 0 | AM18: 0 | AN18: 0 | AO18: 0 | AP18: 0 | AQ18: 0 | AR18: 10 | AS18: 10 | AT18: 334 | AU18: 316 | AV18: 5217 | AW18: 30739 | AX18: 956 | AY18: 38032 | AZ18: 43276 | BA18: 58233 | BB18: 6956 | BC18: 47156 | BD18: 81500 | BE18: 51423 | BF18: 63755 | BG18: 12860 | BH18: 55306 | BI18: 48503 | BJ18: 37360 | BK18: 112587 | BL18: 112587 | BM18: 34587 | BN18: 31587 | BO18: 69979 | BP18: 32687 | BQ18: 47355 | BR18: 55143 | BS18: 28946 | BT18: 55489 | BU18: 35156 | BV18: 10288 | BW18: 33513 | BX18: 36149 | BY18: 13271 | BZ18: 55253 | CA18: 69176 | CB18: 69855 | CC18: 114630 | CD18: 105195 | CE18: 151177 | CF18: 166574 | CG18: 156573 | CH18: 167664 | CI18: 194844 | CJ18: 175523 | CK18: 167411 | CL18: 159169 | CM18: 137372 | CN18: 160701 | CO18: 156711 | CP18: 145660 | CQ18: 133026 | CR18: 121510 | CS18: 108914 | CT18: 124089 | CU18: 116824 | CV18: 107806 | CW18: 96165 | CX18: 83113 | CY18: 72259 | CZ18: 67659 | DA18: 61844 | DB18: 58998 | DC18: 66474 | DD18: 73325 | DE18: 82949 | DF18: 90960 | DG18: 89487 | DH18: 74693 | DI18: 72307 | DJ18: 68243 | DK18: 74619 | DL18: 66508 | DM18: 83706 | DN18: 70009 | DO18: 67388 | DP18: 83963 | DQ18: 34207 | DR18: 28684 | DS18: 37262 | DT18: 38628 | DU18: 67926 | DV18: 49548 | DW18: 81018 | DX18: 74486 | DY18: 134024 | DZ18: 127099 | EA18: 169336 | EB18: 215483 | EC18: 126102 | ED18: 125709 | EE18: 214273 | EF18: 192283 | EG18: 203699 | EH18: 167935 | EI18: 166143 | EJ18: =EK18-EI18 -> -9067 | EK18: 157076 | EL18: =EM18-EK18 -> -7201 | EM18: 149875 | EN18: =EO18-EM18 -> -33359 | EO18: 116516 | EP18: =EQ18-EO18 -> 30339 | EQ18: 146855 | ER18: =ES18-EQ18 -> -24449 | ES18: 122406 | ET18: =EU18-ES18 -> -21341 | EU18: 101065 | EV18: =EW18-EU18 -> 11790 | EW18: 112855 | EX18: 94407 | EY18: 104771 | EZ18: 101459 | FA18: 100390 | FB18: 90027 | FC18: 80668 | FD18: 82735 | FE18: 81949 | FF18: 96079 | FG18: 93596 | FH18: 106517 | FI18: 124101 | FJ18: 123648
A19: Long-term | B19: 1136389 | C19: 1116889 | D19: 1200371 | E19: 1219871 | F19: 1242371 | G19: 1240425 | H19: 1233855 | I19: 1253510 | J19: 1265993 | K19: 1306554 | L19: 1372134 | M19: 1355316 | N19: 1354406 | O19: 1360463 | P19: 1338840 | Q19: 1337946 | R19: 1322946 | S19: 1343505 | T19: 1379623 | U19: 1367852 | V19: 1378488 | W19: 1420707 | X19: 1458707 | Y19: 1439110 | Z19: 1518473 | AA19: 1547368 | AB19: 1534883 | AC19: 1517104 | AD19: 1517563 | AE19: 1515042 | AF19: 1570534 | AG19: 1614034 | AH19: 1555502 | AI19: 1545062 | AJ19: 1566062 | AK19: 1566652 | AL19: 1585148 | AM19: 1547348 | AN19: 1472812 | AO19: 1489579 | AP19: 1495079 | AQ19: 1521581 | AR19: 1526008 | AS19: 1510508 | AT19: 1504009 | AU19: 1468023 | AV19: 1446023 | AW19: 1433251 | AX19: 1463386 | AY19: 1473411 | AZ19: 1456025 | BA19: 1474889 | BB19: 1499978 | BC19: 1593006 | BD19: 1582264 | BE19: 1575446 | BF19: 1564852 | BG19: 1563912 | BH19: 1632820 | BI19: 1645756 | BJ19: 1632338 | BK19: 1635999 | BL19: 1640187 | BM19: 1698862 | BN19: 1681074 | BO19: 1698727 | BP19: 1651065 | BQ19: 1730050 | BR19: 1775800 | BS19: 1773356 | BT19: 1758059 | BU19: 1776824 | BV19: 1851011 | BW19: 1868106 | BX19: 1881225 | BY19: 1930528 | BZ19: 1989881 | CA19: 2029000 | CB19: 2022672 | CC19: 2075492 | CD19: 2074468 | CE19: 2113692 | CF19: 2151215 | CG19: 2164908 | CH19: 2239850 | CI19: 2235473 | CJ19: 2289758 | CK19: 2315032 | CL19: 2303883 | CM19: 2306531 | CN19: 2265505 | CO19: 2368030 | CP19: 2405951 | CQ19: 2391347 | CR19: 2452363 | CS19: 2564167 | CT19: 2619837 | CU19: 2613839 | CV19: 2706578 | CW19: 2735329 | CX19: 2795115 | CY19: 2782535 | CZ19: 2916244 | DA19: 2920866 | DB19: 2950920 | DC19: 2994675 | DD19: 2980730 | DE19: 3037529 | DF19: 3139008 | DG19: 3135060 | DH19: 3078965 | DI19: 3046548 | DJ19: 2942074 | DK19: 2912177 | DL19: 2844893 | DM19: 2833558 | DN19: 2826256 | DO19: 2779406 | DP19: 2732199 | DQ19: 2848492 | DR19: 2844003 | DS19: 2789466 | DT19: 2917925 | DU19: 2909768 | DV19: 2910693 | DW19: 2877867 | DX19: 2966030 | DY19: 2971281 | DZ19: 2939148 | EA19: 2877141 | EB19: 2876672 | EC19: 2893255 | ED19: 2915338 | EE19: 2900599 | EF19: 2928990 | EG19: 2952064 | EH19: 2989250 | EI19: 2955262 | EJ19: =EK19-EI19 -> 181482 | EK19: 3136744 | EL19: =EM19-EK19 -> -44024 | EM19: 3092720 | EN19: =EO19-EM19 -> 104560 | EO19: 3197280 | EP19: =EQ19-EO19 -> 5193 | EQ19: 3202473 | ER19: =ES19-EQ19 -> 78129 | ES19: 3280602 | ET19: =EU19-ES19 -> -39081 | EU19: 3241521 | EV19: =EW19-EU19 -> 27762 | EW19: 3269283 | EX19: 3219446 | EY19: 3085425 | EZ19: 3106632 | FA19: 3113104 | FB19: 3096225 | FC19: 3125840 | FD19: 3135585 | FE19: 3148110 | FF19: 3163018 | FG19: 3116900 | FH19: 3043634 | FI19: 3108669 | FJ19: 3055171
A20: Long term, with a remaining maturity up to and including 1 year | BV20: 151691 | BW20: 168691 | BX20: 186191 | BY20: 190111 | BZ20: 194888 | CA20: 194104 | CB20: 255214 | CC20: 233654 | CD20: 220852 | CE20: 242852 | CF20: 234852 | CG20: 209052 | CH20: 281021 | CI20: 279021 | CJ20: 268821 | CK20: 329973 | CL20: 350978 | CM20: 345171 | CN20: 338530 | CO20: 380488 | CP20: 442576 | CQ20: 456594 | CR20: 469228 | CS20: 514268 | CT20: 454808 | CU20: 467798 | CV20: 539362 | CW20: 499447 | CX20: 510906 | CY20: 513419 | CZ20: 505469 | DA20: 506144 | DB20: 460501 | DC20: 432210 | DD20: 464584 | DE20: 438453 | DF20: 451371 | DG20: 487603 | DH20: 429934 | DI20: 419510 | DJ20: 389455 | DK20: 447384 | DL20: 445176 | DM20: 443007 | DN20: 461255 | DO20: 497395 | DP20: 588731 | DQ20: 639264 | DR20: 609957 | DS20: 587713 | DT20: 593414 | DU20: 590743 | DV20: 593026 | DW20: 566536 | DX20: 596109 | DY20: 577265 | DZ20: 554715 | EA20: 580480 | EB20: 457111 | EC20: 512920 | ED20: 569123 | EE20: 565462 | EF20: 611080 | EG20: 671192 | EH20: 653783 | EI20: 628990 | EJ20: =EK20-EI20 -> -50654 | EK20: 578336 | EL20: =EM20-EK20 -> 34410 | EM20: 612746 | EN20: =EO20-EM20 -> 22133 | EO20: 634879 | EP20: =EQ20-EO20 -> -39633 | EQ20: 595246 | ER20: =ES20-EQ20 -> 42938 | ES20: 638184 | ET20: =EU20-ES20 -> -70757 | EU20: 567427 | EV20: =EW20-EU20 -> -36647 | EW20: 530780 | EX20: 538890 | EY20: 476268 | EZ20: 395702 | FA20: 431632 | FB20: 534671 | FC20: 585002 | FD20: 568395 | FE20: 563608 | FF20: 565283 | FG20: 515920 | FH20: 472050 | FI20: 591706 | FJ20: 597122
A21: Long term, with a remaining maturity more than 1 year | BV21: 1699320 | BW21: 1699416 | BX21: 1695035 | BY21: 1740417 | BZ21: 1794993 | CA21: 1834896 | CB21: 1767459 | CC21: 1841839 | CD21: 1853616 | CE21: 1870840 | CF21: 1916363 | CG21: 1955856 | CH21: 1958828 | CI21: 1956451 | CJ21: 2020937 | CK21: 1985059 | CL21: 1952906 | CM21: 1961361 | CN21: 1926975 | CO21: 1987542 | CP21: 1963375 | CQ21: 1934752 | CR21: 1983134 | CS21: 2049898 | CT21: 2165028 | CU21: 2146041 | CV21: 2167217 | CW21: 2235882 | CX21: 2284209 | CY21: 2269116 | CZ21: 2410775 | DA21: 2414722 | DB21: 2490419 | DC21: 2562465 | DD21: 2516146 | DE21: 2599076 | DF21: 2687637 | DG21: 2647457 | DH21: 2649031 | DI21: 2627038 | DJ21: 2552619 | DK21: 2464793 | DL21: 2399718 | DM21: 2390551 | DN21: 2365001 | DO21: 2282011 | DP21: 2143468 | DQ21: 2209228 | DR21: 2234047 | DS21: 2201753 | DT21: 2324511 | DU21: 2319025 | DV21: 2317667 | DW21: 2311330 | DX21: 2369921 | DY21: 2394017 | DZ21: 2384433 | EA21: 2296661 | EB21: 2419561 | EC21: 2380335 | ED21: 2346215 | EE21: 2335137 | EF21: 2317910 | EG21: 2280873 | EH21: 2335467 | EI21: 2326273 | EJ21: =EK21-EI21 -> 232135 | EK21: 2558408 | EL21: =EM21-EK21 -> -78434 | EM21: 2479974 | EN21: =EO21-EM21 -> 82427 | EO21: 2562401 | EP21: =EQ21-EO21 -> 44825 | EQ21: 2607226 | ER21: =ES21-EQ21 -> 35192 | ES21: 2642418 | ET21: =EU21-ES21 -> 31677 | EU21: 2674095 | EV21: =EW21-EU21 -> 64409 | EW21: 2738504 | EX21: 2680556 | EY21: 2609157 | EZ21: 2710930 | FA21: 2681472 | FB21: 2561554 | FC21: 2540837 | FD21: 2567191 | FE21: 2584502 | FF21: 2597736 | FG21: 2600980 | FH21: 2571584 | FI21: 2516962 | FJ21: 2458049
A22: Insurance corporations | B22: 15000 | C22: 15000 | D22: 15000 | E22: 15000 | F22: 18000 | G22: 18000 | H22: 18000 | I22: 18000 | J22: 18000 | K22: 18000 | L22: 18000 | M22: 18000 | N22: 18000 | O22: 18000 | P22: 18000 | Q22: 18000 | R22: 18000 | S22: 18000 | T22: 18000 | U22: 18000 | V22: 18000 | W22: 18000 | X22: 18000 | Y22: 13000 | Z22: 13000 | AA22: 13000 | AB22: 13000 | AC22: 13000 | AD22: 13000 | AE22: 13000 | AF22: 13000 | AG22: 13000 | AH22: 13000 | AI22: 13000 | AJ22: 13000 | AK22: 13000 | AL22: 13000 | AM22: 13000 | AN22: 13000 | AO22: 13000 | AP22: 13000 | AQ22: 13000 | AR22: 13000 | AS22: 13000 | AT22: 13000 | AU22: 13000 | AV22: 13000 | AW22: 13000 | AX22: 13000 | AY22: 13000 | AZ22: 13000 | BA22: 13000 | BB22: 17000 | BC22: 17000 | BD22: 17000 | BE22: 17000 | BF22: 17000 | BG22: 12000 | BH22: 12000 | BI22: 7000 | BJ22: 7000 | BK22: 7000 | BL22: 7000 | BM22: 7000 | BN22: 7000 | BO22: 7000 | BP22: 7000 | BQ22: 7000 | BR22: 7000 | BS22: 7000 | BT22: 7000 | BU22: 7000 | BV22: 7000 | BW22: 7000 | BX22: 7000 | BY22: 7000 | BZ22: 7000 | CA22: 7000 | CB22: 7000 | CC22: 7000 | CD22: 7000 | CE22: 4000 | CF22: 7000 | CG22: 7000 | CH22: 7000 | CI22: 7000 | CJ22: 7282 | CK22: 7343 | CL22: 7043 | CM22: 7101 | CN22: 7157 | CO22: 7215 | CP22: 7273 | CQ22: 7329 | CR22: 7047 | CS22: 7103 | CT22: 7161 | CU22: 7219 | CV22: 7271 | CW22: 7329 | CX22: 7035 | CY22: 7082 | CZ22: 7127 | DA22: 7174 | DB22: 7221 | DC22: 7266 | DD22: 4021 | DE22: 4044 | DF22: 4068 | DG22: 4091 | DH22: 4113 | DI22: 4137 | DJ22: 0 | DK22: 0 | DL22: 0 | DM22: 0 | DN22: 0 | DO22: 0 | DP22: 0 | DQ22: 0 | DR22: 0 | DS22: 0 | DT22: 0 | DU22: 0 | DV22: 0 | DW22: 0 | DX22: 0 | DY22: 0 | DZ22: 0 | EA22: 0 | EB22: 0 | EC22: 0 | ED22: 0 | EE22: 0 | EF22: 0 | EG22: 0 | EH22: 0 | EI22: 0 | EJ22: =EK22-EI22 -> 0 | EK22: 0 | EL22: =EM22-EK22 -> 0 | EM22: 0 | EN22: =EO22-EM22 -> 0 | EO22: 0 | EP22: =EQ22-EO22 -> 0 | EQ22: 0 | ER22: =ES22-EQ22 -> 0 | ES22: 0 | ET22: =EU22-ES22 -> 0 | EU22: 0 | EV22: =EW22-EU22 -> 0 | EW22: 0 | EX22: 0 | EY22: 0 | EZ22: 0 | FA22: 0 | FB22: 0 | FC22: 0 | FD22: 0 | FE22: 0 | FF22: 0 | FG22: 0 | FH22: 0 | FI22: 0 | FJ22: 0
A23: Short-term | B23: 0 | C23: 0 | D23: 0 | E23: 0 | F23: 0 | G23: 0 | H23: 0 | I23: 0 | J23: 0 | K23: 0 | L23: 0 | M23: 0 | N23: 0 | O23: 0 | P23: 0 | Q23: 0 | R23: 0 | S23: 0 | T23: 0 | U23: 0 | V23: 0 | W23: 0 | X23: 0 | Y23: 0 | Z23: 0 | AA23: 0 | AB23: 0 | AC23: 0 | AD23: 0 | AE23: 0 | AF23: 0 | AG23: 0 | AH23: 0 | AI23: 0 | AJ23: 0 | AK23: 0 | AL23: 0 | AM23: 0 | AN23: 0 | AO23: 0 | AP23: 0 | AQ23: 0 | AR23: 0 | AS23: 0 | AT23: 0 | AU23: 0 | AV23: 0 | AW23: 0 | AX23: 0 | AY23: 0 | AZ23: 0 | BA23: 0 | BB23: 0 | BC23: 0 | BD23: 0 | BE23: 0 | BF23: 0 | BG23: 0 | BH23: 0 | BI23: 0 | BJ23: 0 | BK23: 0 | BL23: 0 | BM23: 0 | BN23: 0 | BO23: 0 | BP23: 0 | BQ23: 0 | BR23: 0 | BS23: 0 | BT23: 0 | BU23: 0 | BV23: 0 | BW23: 0 | BX23: 0 | BY23: 0 | BZ23: 0 | CA23: 0 | CB23: 0 | CC23: 0 | CD23: 0 | CE23: 0 | CF23: 0 | CG23: 0 | CH23: 0 | CI23: 0 | CJ23: 0 | CK23: 0 | CL23: 0 | CM23: 0 | CN23: 0 | CO23: 0 | CP23: 0 | CQ23: 0 | CR23: 0 | CS23: 0 | CT23: 0 | CU23: 0 | CV23: 0 | CW23: 0 | CX23: 0 | CY23: 0 | CZ23: 0 | DA23: 0 | DB23: 0 | DC23: 0 | DD23: 0 | DE23: 0 | DF23: 0 | DG23: 0 | DH23: 0 | DI23: 0 | DJ23: 0 | DK23: 0 | DL23: 0 | DM23: 0 | DN23: 0 | DO23: 0 | DP23: 0 | DQ23: 0 | DR23: 0 | DS23: 0 | DT23: 0 | DU23: 0 | DV23: 0 | DW23: 0 | DX23: 0 | DY23: 0 | DZ23: 0 | EA23: 0 | EB23: 0 | EC23: 0 | ED23: 0 | EE23: 0 | EF23: 0 | EG23: 0 | EH23: 0 | EI23: 0 | EJ23: =EK23-EI23 -> 0 | EK23: 0 | EL23: =EM23-EK23 -> 0 | EM23: 0 | EN23: =EO23-EM23 -> 0 | EO23: 0 | EP23: =EQ23-EO23 -> 0 | EQ23: 0 | ER23: =ES23-EQ23 -> 0 | ES23: 0 | ET23: =EU23-ES23 -> 0 | EU23: 0 | EV23: =EW23-EU23 -> 0 | EW23: 0 | EX23: 0 | EY23: 0 | EZ23: 0 | FA23: 0 | FB23: 0 | FC23: 0 | FD23: 0 | FE23: 0 | FF23: 0 | FG23: 0 | FH23: 0 | FI23: 0 | FJ23: 0
A24: Long-term | B24: 15000 | C24: 15000 | D24: 15000 | E24: 15000 | F24: 18000 | G24: 18000 | H24: 18000 | I24: 18000 | J24: 18000 | K24: 18000 | L24: 18000 | M24: 18000 | N24: 18000 | O24: 18000 | P24: 18000 | Q24: 18000 | R24: 18000 | S24: 18000 | T24: 18000 | U24: 18000 | V24: 18000 | W24: 18000 | X24: 18000 | Y24: 13000 | Z24: 13000 | AA24: 13000 | AB24: 13000 | AC24: 13000 | AD24: 13000 | AE24: 13000 | AF24: 13000 | AG24: 13000 | AH24: 13000 | AI24: 13000 | AJ24: 13000 | AK24: 13000 | AL24: 13000 | AM24: 13000 | AN24: 13000 | AO24: 13000 | AP24: 13000 | AQ24: 13000 | AR24: 13000 | AS24: 13000 | AT24: 13000 | AU24: 13000 | AV24: 13000 | AW24: 13000 | AX24: 13000 | AY24: 13000 | AZ24: 13000 | BA24: 13000 | BB24: 17000 | BC24: 17000 | BD24: 17000 | BE24: 17000 | BF24: 17000 | BG24: 12000 | BH24: 12000 | BI24: 7000 | BJ24: 7000 | BK24: 7000 | BL24: 7000 | BM24: 7000 | BN24: 7000 | BO24: 7000 | BP24: 7000 | BQ24: 7000 | BR24: 7000 | BS24: 7000 | BT24: 7000 | BU24: 7000 | BV24: 7000 | BW24: 7000 | BX24: 7000 | BY24: 7000 | BZ24: 7000 | CA24: 7000 | CB24: 7000 | CC24: 7000 | CD24: 7000 | CE24: 4000 | CF24: 7000 | CG24: 7000 | CH24: 7000 | CI24: 7000 | CJ24: 7282 | CK24: 7343 | CL24: 7043 | CM24: 7101 | CN24: 7157 | CO24: 7215 | CP24: 7273 | CQ24: 7329 | CR24: 7047 | CS24: 7103 | CT24: 7161 | CU24: 7219 | CV24: 7271 | CW24: 7329 | CX24: 7035 | CY24: 7082 | CZ24: 7127 | DA24: 7174 | DB24: 7221 | DC24: 7266 | DD24: 4021 | DE24: 4044 | DF24: 4068 | DG24: 4091 | DH24: 4113 | DI24: 4137 | DJ24: 0 | DK24: 0 | DL24: 0 | DM24: 0 | DN24: 0 | DO24: 0 | DP24: 0 | DQ24: 0 | DR24: 0 | DS24: 0 | DT24: 0 | DU24: 0 | DV24: 0 | DW24: 0 | DX24: 0 | DY24: 0 | DZ24: 0 | EA24: 0 | EB24: 0 | EC24: 0 | ED24: 0 | EE24: 0 | EF24: 0 | EG24: 0 | EH24: 0 | EI24: 0 | EJ24: =EK24-EI24 -> 0 | EK24: 0 | EL24: =EM24-EK24 -> 0 | EM24: 0 | EN24: =EO24-EM24 -> 0 | EO24: 0 | EP24: =EQ24-EO24 -> 0 | EQ24: 0 | ER24: =ES24-EQ24 -> 0 | ES24: 0 | ET24: =EU24-ES24 -> 0 | EU24: 0 | EV24: =EW24-EU24 -> 0 | EW24: 0 | EX24: 0 | EY24: 0 | EZ24: 0 | FA24: 0 | FB24: 0 | FC24: 0 | FD24: 0 | FE24: 0 | FF24: 0 | FG24: 0 | FH24: 0 | FI24: 0 | FJ24: 0
A25: Long term, with a remaining maturity up to and including 1 year | BV25: 0 | BW25: 0 | BX25: 0 | BY25: 0 | BZ25: 0 | CA25: 0 | CB25: 0 | CC25: 0 | CD25: 0 | CE25: 0 | CF25: 0 | CG25: 0 | CH25: 0 | CI25: 0 | CJ25: 0 | CK25: 0 | CL25: 0 | CM25: 0 | CN25: 0 | CO25: 0 | CP25: 0 | CQ25: 0 | CR25: 0 | CS25: 0 | CT25: 0 | CU25: 0 | CV25: 0 | CW25: 0 | CX25: 4019 | CY25: 4043 | CZ25: 4066 | DA25: 4090 | DB25: 4114 | DC25: 4137 | DD25: 4021 | DE25: 4044 | DF25: 4068 | DG25: 4091 | DH25: 4113 | DI25: 4137 | DJ25: 0 | DK25: 0 | DL25: 0 | DM25: 0 | DN25: 0 | DO25: 0 | DP25: 0 | DQ25: 0 | DR25: 0 | DS25: 0 | DT25: 0 | DU25: 0 | DV25: 0 | DW25: 0 | DX25: 0 | DY25: 0 | DZ25: 0 | EA25: 0 | EB25: 0 | EC25: 0 | ED25: 0 | EE25: 0 | EF25: 0 | EG25: 0 | EH25: 0 | EI25: 0 | EJ25: =EK25-EI25 -> 0 | EK25: 0 | EL25: =EM25-EK25 -> 0 | EM25: 0 | EN25: =EO25-EM25 -> 0 | EO25: 0 | EP25: =EQ25-EO25 -> 0 | EQ25: 0 | ER25: =ES25-EQ25 -> 0 | ES25: 0 | ET25: =EU25-ES25 -> 0 | EU25: 0 | EV25: =EW25-EU25 -> 0 | EW25: 0 | EX25: 0 | EY25: 0 | EZ25: 0 | FA25: 0 | FB25: 0 | FC25: 0 | FD25: 0 | FE25: 0 | FF25: 0 | FG25: 0 | FH25: 0 | FI25: 0 | FJ25: 0
A26: Long term, with a remaining maturity more than 1 year | BV26: 7000 | BW26: 7000 | BX26: 7000 | BY26: 7000 | BZ26: 7000 | CA26: 7000 | CB26: 7000 | CC26: 7000 | CD26: 7000 | CE26: 4000 | CF26: 7000 | CG26: 7000 | CH26: 7000 | CI26: 7000 | CJ26: 7282 | CK26: 7343 | CL26: 7043 | CM26: 7101 | CN26: 7157 | CO26: 7215 | CP26: 7273 | CQ26: 7329 | CR26: 7047 | CS26: 7103 | CT26: 7161 | CU26: 7219 | CV26: 7271 | CW26: 7329 | CX26: 3016 | CY26: 3039 | CZ26: 3061 | DA26: 3084 | DB26: 3107 | DC26: 3129 | DD26: 0 | DE26: 0 | DF26: 0 | DG26: 0 | DH26: 0 | DI26: 0 | DJ26: 0 | DK26: 0 | DL26: 0 | DM26: 0 | DN26: 0 | DO26: 0 | DP26: 0 | DQ26: 0 | DR26: 0 | DS26: 0 | DT26: 0 | DU26: 0 | DV26: 0 | DW26: 0 | DX26: 0 | DY26: 0 | DZ26: 0 | EA26: 0 | EB26: 0 | EC26: 0 | ED26: 0 | EE26: 0 | EF26: 0 | EG26: 0 | EH26: 0 | EI26: 0 | EJ26: =EK26-EI26 -> 0 | EK26: 0 | EL26: =EM26-EK26 -> 0 | EM26: 0 | EN26: =EO26-EM26 -> 0 | EO26: 0 | EP26: =EQ26-EO26 -> 0 | EQ26: 0 | ER26: =ES26-EQ26 -> 0 | ES26: 0 | ET26: =EU26-ES26 -> 0 | EU26: 0 | EV26: =EW26-EU26 -> 0 | EW26: 0 | EX26: 0 | EY26: 0 | EZ26: 0 | FA26: 0 | FB26: 0 | FC26: 0 | FD26: 0 | FE26: 0 | FF26: 0 | FG26: 0 | FH26: 0 | FI26: 0 | FJ26: 0
A27: Other financial corporations | B27: 1045141 | C27: 1048031 | D27: 1084698 | E27: 1137851 | F27: 1150222 | G27: 1154307 | H27: 1174287 | I27: 1188062 | J27: 1223262 | K27: 1264231 | L27: 1304152 | M27: 1311834 | N27: 1318061 | O27: 1437227 | P27: 1492861 | Q27: 1477360 | R27: 1517869 | S27: 1518876 | T27: 1504747 | U27: 1710733 | V27: 1694934 | W27: 1696463 | X27: 1702071 | Y27: 1722373 | Z27: 1860427 | AA27: 1910796 | AB27: 1873719 | AC27: 1879853 | AD27: 1879308 | AE27: 1907720 | AF27: 1914413 | AG27: 1973587 | AH27: 2024802 | AI27: 2042641 | AJ27: 2071063 | AK27: 2109209 | AL27: 2144131 | AM27: 2172355 | AN27: 2162509 | AO27: 2161609 | AP27: 2274904 | AQ27: 2293530 | AR27: 2279290 | AS27: 2327815 | AT27: 2322071 | AU27: 2323136 | AV27: 2372141 | AW27: 2377824 | AX27: 2389775 | AY27: 2397945 | AZ27: 2436104 | BA27: 2442657 | BB27: 2464020 | BC27: 2458878 | BD27: 2618180 | BE27: 2613871 | BF27: 2698513 | BG27: 2706812 | BH27: 2690245 | BI27: 2690232 | BJ27: 2702325 | BK27: 2716606 | BL27: 2783783 | BM27: 2780284 | BN27: 2802642 | BO27: 2850255 | BP27: 2778325 | BQ27: 2775866 | BR27: 2777475 | BS27: 2693537 | BT27: 2710805 | BU27: 2674744 | BV27: 2695018 | BW27: 2753254 | BX27: 2796816 | BY27: 2776390 | BZ27: 2787757 | CA27: 2854512 | CB27: 2886916 | CC27: 2872628 | CD27: 2845373 | CE27: 2858992 | CF27: 2964658 | CG27: 2943931 | CH27: 3105320 | CI27: 3087764 | CJ27: 3286482 | CK27: 3267800 | CL27: 3235165 | CM27: 3181376 | CN27: 3234397 | CO27: 3293563 | CP27: 3318829 | CQ27: 3351864 | CR27: 3301596 | CS27: 3417729 | CT27: 3784229 | CU27: 3751105 | CV27: 3739365 | CW27: 3700135 | CX27: 3695601 | CY27: 3794084 | CZ27: 3566143 | DA27: 3569129 | DB27: 3605574 | DC27: 3696683 | DD27: 3755268 | DE27: 3923507 | DF27: 4171144 | DG27: 4172073 | DH27: 4182278 | DI27: 4111166 | DJ27: 4013143 | DK27: 4133338 | DL27: 4062242 | DM27: 4194709 | DN27: 4435765 | DO27: 4533378 | DP27: 4956972 | DQ27: 5359775 | DR27: 6094704 | DS27: 6284587 | DT27: 6537413 | DU27: 6787469 | DV27: 7144334 | DW27: 7139992 | DX27: 7420943 | DY27: 7935337 | DZ27: 8530542 | EA27: 8754756 | EB27: 8695360 | EC27: 8665857 | ED27: 10005320 | EE27: 9987509 | EF27: 10115604 | EG27: 10336511 | EH27: 10405833 | EI27: 10630290 | EJ27: =EK27-EI27 -> -107355 | EK27: 10522935 | EL27: =EM27-EK27 -> 291399 | EM27: 10814334 | EN27: =EO27-EM27 -> 229056 | EO27: 11043390 | EP27: =EQ27-EO27 -> 476749 | EQ27: 11520139 | ER27: =ES27-EQ27 -> 341133 | ES27: 11861272 | ET27: =EU27-ES27 -> 121867 | EU27: 11983139 | EV27: =EW27-EU27 -> 1230234 | EW27: 13213373 | EX27: 13261877 | EY27: 13052531 | EZ27: 13065965 | FA27: 13389951 | FB27: 13421606 | FC27: 13282786 | FD27: 13828725 | FE27: 13992974 | FF27: 14232954 | FG27: 14335176 | FH27: 14402466 | FI27: 15063823 | FJ27: 14942819
A28: Short-term | B28: 0 | C28: 0 | D28: 0 | E28: 0 | F28: 0 | G28: 0 | H28: 0 | I28: 0 | J28: 0 | K28: 0 | L28: 0 | M28: 0 | N28: 0 | O28: 0 | P28: 0 | Q28: 873 | R28: 873 | S28: 873 | T28: 873 | U28: 873 | V28: 873 | W28: 873 | X28: 873 | Y28: 873 | Z28: 0 | AA28: 0 | AB28: 0 | AC28: 0 | AD28: 0 | AE28: 0 | AF28: 0 | AG28: 0 | AH28: 0 | AI28: 0 | AJ28: 0 | AK28: 0 | AL28: 0 | AM28: 0 | AN28: 0 | AO28: 0 | AP28: 0 | AQ28: 0 | AR28: 0 | AS28: 0 | AT28: 0 | AU28: 0 | AV28: 0 | AW28: 30 | AX28: 30 | AY28: 30 | AZ28: 30 | BA28: 80 | BB28: 80 | BC28: 80 | BD28: 108 | BE28: 108 | BF28: 138 | BG28: 138 | BH28: 138 | BI28: 108 | BJ28: 148 | BK28: 28148 | BL28: 47018 | BM28: 50759 | BN28: 56009 | BO28: 91438 | BP28: 40430 | BQ28: 51679 | BR28: 47714 | BS28: 14062 | BT28: 40463 | BU28: 20350 | BV28: 8490 | BW28: 15843 | BX28: 41848 | BY28: 20926 | BZ28: 19810 | CA28: 24243 | CB28: 41838 | CC28: 24530 | CD28: 22111 | CE28: 25272 | CF28: 4785 | CG28: 3127 | CH28: 8142 | CI28: 3356 | CJ28: 42218 | CK28: 1632 | CL28: 167 | CM28: 1832 | CN28: 2454 | CO28: 5231 | CP28: 2929 | CQ28: 6399 | CR28: 7253 | CS28: 8156 | CT28: 8332 | CU28: 8998 | CV28: 15990 | CW28: 14784 | CX28: 19243 | CY28: 22528 | CZ28: 29394 | DA28: 26265 | DB28: 31406 | DC28: 21063 | DD28: 28952 | DE28: 57868 | DF28: 56867 | DG28: 62296 | DH28: 69451 | DI28: 62344 | DJ28: 62788 | DK28: 62604 | DL28: 63029 | DM28: 82530 | DN28: 83132 | DO28: 113361 | DP28: 67147 | DQ28: 57675 | DR28: 89672 | DS28: 98480 | DT28: 82230 | DU28: 83953 | DV28: 55986 | DW28: 59054 | DX28: 78293 | DY28: 64421 | DZ28: 78890 | EA28: 109835 | EB28: 93762 | EC28: 124683 | ED28: 126842 | EE28: 126947 | EF28: 53703 | EG28: 139768 | EH28: 194451 | EI28: 234506 | EJ28: =EK28-EI28 -> -17045 | EK28: 217461 | EL28: =EM28-EK28 -> -46740 | EM28: 170721 | EN28: =EO28-EM28 -> -52763 | EO28: 117958 | EP28: =EQ28-EO28 -> 45688 | EQ28: 163646 | ER28: =ES28-EQ28 -> -54506 | ES28: 109140 | ET28: =EU28-ES28 -> -15242 | EU28: 93898 | EV28: =EW28-EU28 -> 183831 | EW28: 277729 | EX28: 277546 | EY28: 306087 | EZ28: 331171 | FA28: 323854 | FB28: 366664 | FC28: 351154 | FD28: 418273 | FE28: 463025 | FF28: 400632 | FG28: 421892 | FH28: 346354 | FI28: 330915 | FJ28: 343326
A29: Long-term | B29: 1045141 | C29: 1048031 | D29: 1084698 | E29: 1137851 | F29: 1150222 | G29: 1154307 | H29: 1174287 | I29: 1188062 | J29: 1223262 | K29: 1264231 | L29: 1304152 | M29: 1311834 | N29: 1318061 | O29: 1437227 | P29: 1492861 | Q29: 1476487 | R29: 1516996 | S29: 1518003 | T29: 1503874 | U29: 1709860 | V29: 1694061 | W29: 1695590 | X29: 1701198 | Y29: 1721500 | Z29: 1860427 | AA29: 1910796 | AB29: 1873719 | AC29: 1879853 | AD29: 1879308 | AE29: 1907720 | AF29: 1914413 | AG29: 1973587 | AH29: 2024802 | AI29: 2042641 | AJ29: 2071063 | AK29: 2109209 | AL29: 2144131 | AM29: 2172355 | AN29: 2162509 | AO29: 2161609 | AP29: 2274904 | AQ29: 2293530 | AR29: 2279290 | AS29: 2327815 | AT29: 2322071 | AU29: 2323136 | AV29: 2372141 | AW29: 2377794 | AX29: 2389745 | AY29: 2397915 | AZ29: 2436074 | BA29: 2442577 | BB29: 2463940 | BC29: 2458798 | BD29: 2618071 | BE29: 2613762 | BF29: 2698375 | BG29: 2706673 | BH29: 2690107 | BI29: 2690124 | BJ29: 2702176 | BK29: 2688458 | BL29: 2736765 | BM29: 2729525 | BN29: 2746633 | BO29: 2758817 | BP29: 2737895 | BQ29: 2724187 | BR29: 2729762 | BS29: 2679475 | BT29: 2670342 | BU29: 2654394 | BV29: 2686528 | BW29: 2737411 | BX29: 2754968 | BY29: 2755464 | BZ29: 2767947 | CA29: 2830269 | CB29: 2845078 | CC29: 2848098 | CD29: 2823262 | CE29: 2833720 | CF29: 2959873 | CG29: 2940805 | CH29: 3097178 | CI29: 3084407 | CJ29: 3244264 | CK29: 3266168 | CL29: 3234999 | CM29: 3179545 | CN29: 3231942 | CO29: 3288332 | CP29: 3315899 | CQ29: 3345465 | CR29: 3294343 | CS29: 3409573 | CT29: 3775897 | CU29: 3742107 | CV29: 3723375 | CW29: 3685351 | CX29: 3676359 | CY29: 3771556 | CZ29: 3536750 | DA29: 3542863 | DB29: 3574167 | DC29: 3675620 | DD29: 3726316 | DE29: 3865639 | DF29: 4114277 | DG29: 4109777 | DH29: 4112827 | DI29: 4048822 | DJ29: 3950355 | DK29: 4070733 | DL29: 3999213 | DM29: 4112179 | DN29: 4352634 | DO29: 4420016 | DP29: 4889825 | DQ29: 5302101 | DR29: 6005032 | DS29: 6186107 | DT29: 6455183 | DU29: 6703517 | DV29: 7088349 | DW29: 7080937 | DX29: 7342650 | DY29: 7870916 | DZ29: 8451652 | EA29: 8644921 | EB29: 8601598 | EC29: 8541174 | ED29: 9878479 | EE29: 9860562 | EF29: 10061900 | EG29: 10196743 | EH29: 10211382 | EI29: 10395785 | EJ29: =EK29-EI29 -> -90310 | EK29: 10305475 | EL29: =EM29-EK29 -> 338139 | EM29: 10643614 | EN29: =EO29-EM29 -> 281817 | EO29: 10925431 | EP29: =EQ29-EO29 -> 431062 | EQ29: 11356493 | ER29: =ES29-EQ29 -> 395639 | ES29: 11752132 | ET29: =EU29-ES29 -> 137109 | EU29: 11889241 | EV29: =EW29-EU29 -> 1046403 | EW29: 12935644 | EX29: 12984331 | EY29: 12746444 | EZ29: 12734795 | FA29: 13066096 | FB29: 13054943 | FC29: 12931632 | FD29: 13410451 | FE29: 13529949 | FF29: 13832322 | FG29: 13913284 | FH29: 14056112 | FI29: 14732908 | FJ29: 14599492
A30: Long term, with a remaining maturity up to and including 1 year | BV30: 113608 | BW30: 107496 | BX30: 111187 | BY30: 109746 | BZ30: 108094 | CA30: 126507 | CB30: 153350 | CC30: 149007 | CD30: 143703 | CE30: 146871 | CF30: 190776 | CG30: 164477 | CH30: 173871 | CI30: 189277 | CJ30: 198225 | CK30: 243887 | CL30: 334419 | CM30: 307665 | CN30: 539083 | CO30: 591153 | CP30: 608578 | CQ30: 612969 | CR30: 572459 | CS30: 561423 | CT30: 566943 | CU30: 554106 | CV30: 550754 | CW30: 536633 | CX30: 467082 | CY30: 457359 | CZ30: 230278 | DA30: 181566 | DB30: 163050 | DC30: 152532 | DD30: 147279 | DE30: 144464 | DF30: 194369 | DG30: 208521 | DH30: 207021 | DI30: 192058 | DJ30: 161205 | DK30: 164878 | DL30: 164135 | DM30: 203929 | DN30: 203902 | DO30: 198101 | DP30: 200716 | DQ30: 248177 | DR30: 206753 | DS30: 236893 | DT30: 249980 | DU30: 254680 | DV30: 316269 | DW30: 325625 | DX30: 296754 | DY30: 343947 | DZ30: 397928 | EA30: 424006 | EB30: 433335 | EC30: 405846 | ED30: 441890 | EE30: 364423 | EF30: 389872 | EG30: 536991 | EH30: 658441 | EI30: 683998 | EJ30: =EK30-EI30 -> 6656 | EK30: 690654 | EL30: =EM30-EK30 -> -25521 | EM30: 665133 | EN30: =EO30-EM30 -> 125711 | EO30: 790844 | EP30: =EQ30-EO30 -> 31219 | EQ30: 822063 | ER30: =ES30-EQ30 -> 33745 | ES30: 855808 | ET30: =EU30-ES30 -> 523983 | EU30: 1379791 | EV30: =EW30-EU30 -> 33446 | EW30: 1413237 | EX30: 1419898 | EY30: 1428014 | EZ30: 1324575 | FA30: 1261891 | FB30: 1211792 | FC30: 1213840 | FD30: 1428268 | FE30: 1532330 | FF30: 1601036 | FG30: 1700592 | FH30: 1290771 | FI30: 1142072 | FJ30: 1086238
A31: Long term, with a remaining maturity more than 1 year | BV31: 2572921 | BW31: 2629915 | BX31: 2643781 | BY31: 2645718 | BZ31: 2659853 | CA31: 2703762 | CB31: 2691728 | CC31: 2699091 | CD31: 2679559 | CE31: 2686850 | CF31: 2769098 | CG31: 2776327 | CH31: 2923308 | CI31: 2895130 | CJ31: 3046039 | CK31: 3022282 | CL31: 2900580 | CM31: 2871880 | CN31: 2692860 | CO31: 2697179 | CP31: 2707321 | CQ31: 2732497 | CR31: 2721884 | CS31: 2848150 | CT31: 3208954 | CU31: 3188001 | CV31: 3172621 | CW31: 3148718 | CX31: 3209277 | CY31: 3314197 | CZ31: 3306472 | DA31: 3361297 | DB31: 3411117 | DC31: 3523088 | DD31: 3579037 | DE31: 3721175 | DF31: 3919907 | DG31: 3901256 | DH31: 3905806 | DI31: 3856764 | DJ31: 3789150 | DK31: 3905855 | DL31: 3835078 | DM31: 3908250 | DN31: 4148732 | DO31: 4221915 | DP31: 4689109 | DQ31: 5053924 | DR31: 5798279 | DS31: 5949214 | DT31: 6205203 | DU31: 6448837 | DV31: 6772079 | DW31: 6755313 | DX31: 7045896 | DY31: 7526969 | DZ31: 8053725 | EA31: 8220915 | EB31: 8168263 | EC31: 8135328 | ED31: 9436589 | EE31: 9496139 | EF31: 9672029 | EG31: 9659753 | EH31: 9552942 | EI31: 9711786 | EJ31: =EK31-EI31 -> -96966 | EK31: 9614820 | EL31: =EM31-EK31 -> 363661 | EM31: 9978481 | EN31: =EO31-EM31 -> 156106 | EO31: 10134587 | EP31: =EQ31-EO31 -> 399843 | EQ31: 10534430 | ER31: =ES31-EQ31 -> 361895 | ES31: 10896325 | ET31: =EU31-ES31 -> -386875 | EU31: 10509450 | EV31: =EW31-EU31 -> 1012957 | EW31: 11522407 | EX31: 11564433 | EY31: 11318431 | EZ31: 11410219 | FA31: 11804205 | FB31: 11843150 | FC31: 11717792 | FD31: 11982183 | FE31: 11997619 | FF31: 12231287 | FG31: 12212692 | FH31: 12765342 | FI31: 13590835 | FJ31: 13513255
A32: General government | B32: 4414257 | C32: 4335634 | D32: 4282403 | E32: 4233274 | F32: 4369000 | G32: 4407631 | H32: 4415712 | I32: 4450124 | J32: 4510771 | K32: 4569162 | L32: 4695398 | M32: 4794914 | N32: 4859751 | O32: 4871518 | P32: 4897365 | Q32: 4857140 | R32: 4845399 | S32: 4872632 | T32: 4896539 | U32: 4940402 | V32: 4891647 | W32: 4892619 | X32: 4941666 | Y32: 4850684 | Z32: 5892743 | AA32: 5896090 | AB32: 5945218 | AC32: 5791168 | AD32: 5922546 | AE32: 6002123 | AF32: 5864372 | AG32: 6001942 | AH32: 5797610 | AI32: 5829353 | AJ32: 5928899 | AK32: 5962523 | AL32: 6012760 | AM32: 5987965 | AN32: 6014974 | AO32: 6117163 | AP32: 6213669 | AQ32: 6185050 | AR32: 6258021 | AS32: 6327842 | AT32: 6234177 | AU32: 6272802 | AV32: 6304948 | AW32: 6452684 | AX32: 6586035 | AY32: 6705803 | AZ32: 6798908 | BA32: 6947083 | BB32: 6955356 | BC32: 7120151 | BD32: 7116831 | BE32: 7247298 | BF32: 7400303 | BG32: 7572861 | BH32: 7703990 | BI32: 7841254 | BJ32: 7820146 | BK32: 7803508 | BL32: 7931789 | BM32: 7879971 | BN32: 7940867 | BO32: 8029824 | BP32: 8135309 | BQ32: 8263828 | BR32: 8261190 | BS32: 8261275 | BT32: 8332030 | BU32: 8386079 | BV32: 8462574 | BW32: 8526295 | BX32: 8535611 | BY32: 8804502 | BZ32: 9216443 | CA32: 9347918 | CB32: 9456789 | CC32: 9761157 | CD32: 9838512 | CE32: 9945470 | CF32: 10055393 | CG32: 10172539 | CH32: 10146562 | CI32: 10080651 | CJ32: 10546866 | CK32: 10571931 | CL32: 10890323 | CM32: 11057824 | CN32: 11480294 | CO32: 11761318 | CP32: 11943343 | CQ32: 12796005 | CR32: 14292454 | CS32: 15161436 | CT32: 15325835 | CU32: 15362638 | CV32: 15450620 | CW32: 16012522 | CX32: 16398078 | CY32: 16634732 | CZ32: 16847854 | DA32: 17016983 | DB32: 17161723 | DC32: 17352866 | DD32: 17355733 | DE32: 17391259 | DF32: 17081503 | DG32: 17094014 | DH32: 17207907 | DI32: 17205947 | DJ32: 17188490 | DK32: 17239628 | DL32: 17255435 | DM32: 16846975 | DN32: 16837031 | DO32: 16828191 | DP32: 16981939 | DQ32: 18001707 | DR32: 19559128 | DS32: 19643066 | DT32: 19920345 | DU32: 20118883 | DV32: 20356187 | DW32: 20568001 | DX32: 21002129 | DY32: 21156861 | DZ32: 21205518 | EA32: 21322717 | EB32: 21352758 | EC32: 21712808 | ED32: 21852925 | EE32: 22037778 | EF32: 22175359 | EG32: 22333044 | EH32: 22236397 | EI32: 22401262 | EJ32: =EK32-EI32 -> 35700 | EK32: 22436962 | EL32: =EM32-EK32 -> -255543 | EM32: 22181419 | EN32: =EO32-EM32 -> 410443 | EO32: 22591862 | EP32: =EQ32-EO32 -> 166860 | EQ32: 22758722 | ER32: =ES32-EQ32 -> -237343 | ES32: 22521379 | ET32: =EU32-ES32 -> 161828 | EU32: 22683207 | EV32: =EW32-EU32 -> 4263311 | EW32: 26946518 | EX32: 26616425 | EY32: 27258442 | EZ32: 27605549 | FA32: 27883787 | FB32: 28419785 | FC32: 28982557 | FD32: 29436010 | FE32: 29956636 | FF32: 30200873 | FG32: 31084169 | FH32: 32838131 | FI32: 33429770 | FJ32: 33604918
A33: Short-term | B33: 0 | C33: 0 | D33: 0 | E33: 0 | F33: 0 | G33: 0 | H33: 0 | I33: 0 | J33: 0 | K33: 0 | L33: 0 | M33: 0 | N33: 0 | O33: 0 | P33: 0 | Q33: 0 | R33: 0 | S33: 0 | T33: 0 | U33: 0 | V33: 0 | W33: 0 | X33: 0 | Y33: 0 | Z33: 0 | AA33: 0 | AB33: 0 | AC33: 0 | AD33: 0 | AE33: 0 | AF33: 0 | AG33: 0 | AH33: 0 | AI33: 0 | AJ33: 0 | AK33: 0 | AL33: 0 | AM33: 0 | AN33: 0 | AO33: 0 | AP33: 0 | AQ33: 0 | AR33: 0 | AS33: 0 | AT33: 0 | AU33: 0 | AV33: 0 | AW33: 0 | AX33: 0 | AY33: 0 | AZ33: 0 | BA33: 0 | BB33: 0 | BC33: 0 | BD33: 0 | BE33: 0 | BF33: 0 | BG33: 0 | BH33: 0 | BI33: 0 | BJ33: 0 | BK33: 0 | BL33: 0 | BM33: 0 | BN33: 0 | BO33: 0 | BP33: 0 | BQ33: 0 | BR33: 0 | BS33: 0 | BT33: 3000 | BU33: 3000 | BV33: 3000 | BW33: 3000 | BX33: 3000 | BY33: 3000 | BZ33: 3000 | CA33: 3000 | CB33: 3000 | CC33: 3000 | CD33: 3000 | CE33: 3000 | CF33: 0 | CG33: 0 | CH33: 0 | CI33: 0 | CJ33: 0 | CK33: 0 | CL33: 0 | CM33: 0 | CN33: 0 | CO33: 0 | CP33: 0 | CQ33: 0 | CR33: 0 | CS33: 0 | CT33: 0 | CU33: 0 | CV33: 0 | CW33: 0 | CX33: 0 | CY33: 0 | CZ33: 0 | DA33: 0 | DB33: 0 | DC33: 0 | DD33: 0 | DE33: 0 | DF33: 0 | DG33: 0 | DH33: 5363 | DI33: 5416 | DJ33: 5467 | DK33: 5519 | DL33: 5570 | DM33: 5623 | DN33: 5366 | DO33: 5417 | DP33: 5470 | DQ33: 5521 | DR33: 5574 | DS33: 5626 | DT33: 0 | DU33: 0 | DV33: 0 | DW33: 0 | DX33: 0 | DY33: 0 | DZ33: 0 | EA33: 15052 | EB33: 32994 | EC33: 59478 | ED33: 60200 | EE33: 59454 | EF33: 59206 | EG33: 59928 | EH33: 5413 | EI33: 9388 | EJ33: =EK33-EI33 -> -3025 | EK33: 6363 | EL33: =EM33-EK33 -> -2969 | EM33: 3394 | EN33: =EO33-EM33 -> -80 | EO33: 3314 | EP33: =EQ33-EO33 -> 1049 | EQ33: 4363 | ER33: =ES33-EQ33 -> -970 | ES33: 3393 | ET33: =EU33-ES33 -> -3393 | EU33: 0 | EV33: =EW33-EU33 -> 0 | EW33: 0 | EX33: 0 | EY33: 2532 | EZ33: 0 | FA33: 0 | FB33: 2013 | FC33: 0 | FD33: 0 | FE33: 0 | FF33: 0 | FG33: 0 | FH33: 0 | FI33: 0 | FJ33: 0
A34: Long-term | B34: 4414257 | C34: 4335634 | D34: 4282403 | E34: 4233274 | F34: 4369000 | G34: 4407631 | H34: 4415712 | I34: 4450124 | J34: 4510771 | K34: 4569162 | L34: 4695398 | M34: 4794914 | N34: 4859751 | O34: 4871518 | P34: 4897365 | Q34: 4857140 | R34: 4845399 | S34: 4872632 | T34: 4896539 | U34: 4940402 | V34: 4891647 | W34: 4892619 | X34: 4941666 | Y34: 4850684 | Z34: 5892743 | AA34: 5896090 | AB34: 5945218 | AC34: 5791168 | AD34: 5922546 | AE34: 6002123 | AF34: 5864372 | AG34: 6001942 | AH34: 5797610 | AI34: 5829353 | AJ34: 5928899 | AK34: 5962523 | AL34: 6012760 | AM34: 5987965 | AN34: 6014974 | AO34: 6117163 | AP34: 6213669 | AQ34: 6185050 | AR34: 6258021 | AS34: 6327842 | AT34: 6234177 | AU34: 6272802 | AV34: 6304948 | AW34: 6452684 | AX34: 6586035 | AY34: 6705803 | AZ34: 6798908 | BA34: 6947083 | BB34: 6955356 | BC34: 7120151 | BD34: 7116831 | BE34: 7247298 | BF34: 7400303 | BG34: 7572861 | BH34: 7703990 | BI34: 7841254 | BJ34: 7820146 | BK34: 7803508 | BL34: 7931789 | BM34: 7879971 | BN34: 7940867 | BO34: 8029824 | BP34: 8135309 | BQ34: 8263828 | BR34: 8261190 | BS34: 8261275 | BT34: 8329030 | BU34: 8383079 | BV34: 8459574 | BW34: 8523295 | BX34: 8532611 | BY34: 8801502 | BZ34: 9213443 | CA34: 9344918 | CB34: 9453789 | CC34: 9758157 | CD34: 9835512 | CE34: 9942470 | CF34: 10055393 | CG34: 10172539 | CH34: 10146562 | CI34: 10080651 | CJ34: 10546866 | CK34: 10571931 | CL34: 10890323 | CM34: 11057824 | CN34: 11480294 | CO34: 11761318 | CP34: 11943343 | CQ34: 12796005 | CR34: 14292454 | CS34: 15161436 | CT34: 15325835 | CU34: 15362638 | CV34: 15450620 | CW34: 16012522 | CX34: 16398078 | CY34: 16634732 | CZ34: 16847854 | DA34: 17016983 | DB34: 17161723 | DC34: 17352866 | DD34: 17355733 | DE34: 17391259 | DF34: 17081503 | DG34: 17094014 | DH34: 17202544 | DI34: 17200532 | DJ34: 17183023 | DK34: 17234109 | DL34: 17249865 | DM34: 16841352 | DN34: 16831664 | DO34: 16822774 | DP34: 16976469 | DQ34: 17996186 | DR34: 19553554 | DS34: 19637439 | DT34: 19920345 | DU34: 20118883 | DV34: 20356187 | DW34: 20568001 | DX34: 21002129 | DY34: 21156861 | DZ34: 21205518 | EA34: 21307665 | EB34: 21319764 | EC34: 21653330 | ED34: 21792726 | EE34: 21978324 | EF34: 22116152 | EG34: 22273116 | EH34: 22230985 | EI34: 22391875 | EJ34: =EK34-EI34 -> 38724 | EK34: 22430599 | EL34: =EM34-EK34 -> -252574 | EM34: 22178025 | EN34: =EO34-EM34 -> 410523 | EO34: 22588548 | EP34: =EQ34-EO34 -> 165811 | EQ34: 22754359 | ER34: =ES34-EQ34 -> -236373 | ES34: 22517986 | ET34: =EU34-ES34 -> 165221 | EU34: 22683207 | EV34: =EW34-EU34 -> 4263311 | EW34: 26946518 | EX34: 26616425 | EY34: 27255910 | EZ34: 27605549 | FA34: 27883787 | FB34: 28417772 | FC34: 28982557 | FD34: 29436010 | FE34: 29956636 | FF34: 30200873 | FG34: 31084169 | FH34: 32838131 | FI34: 33429770 | FJ34: 33604918
A35: Long term, with a remaining maturity up to and including 1 year | BV35: 728232 | BW35: 971271 | BX35: 821267 | BY35: 818588 | BZ35: 825948 | CA35: 809482 | CB35: 807334 | CC35: 809741 | CD35: 816015 | CE35: 824086 | CF35: 708528 | CG35: 713564 | CH35: 565997 | CI35: 315994 | CJ35: 394526 | CK35: 413026 | CL35: 537026 | CM35: 301248 | CN35: 310002 | CO35: 309218 | CP35: 596083 | CQ35: 583059 | CR35: 587781 | CS35: 627815 | CT35: 1037677 | CU35: 1043104 | CV35: 961285 | CW35: 948081 | CX35: 790535 | CY35: 792489 | CZ35: 809296 | DA35: 1259298 | DB35: 970760 | DC35: 977403 | DD35: 1001853 | DE35: 1177707 | DF35: 1111038 | DG35: 1258775 | DH35: 1264273 | DI35: 1270470 | DJ35: 1270266 | DK35: 1311769 | DL35: 1282520 | DM35: 838743 | DN35: 1326772 | DO35: 1331627 | DP35: 1470601 | DQ35: 1258869 | DR35: 901307 | DS35: 746340 | DT35: 1116333 | DU35: 1129081 | DV35: 1473449 | DW35: 1449121 | DX35: 1471083 | DY35: 1862535 | DZ35: 1367181 | EA35: 1374332 | EB35: 1574288 | EC35: 1584283 | ED35: 1584551 | EE35: 1959524 | EF35: 1586947 | EG35: 1624414 | EH35: 1266256 | EI35: 1294852 | EJ35: =EK35-EI35 -> 14383 | EK35: 1309235 | EL35: =EM35-EK35 -> 69532 | EM35: 1378767 | EN35: =EO35-EM35 -> -5971 | EO35: 1372796 | EP35: =EQ35-EO35 -> 52377 | EQ35: 1425173 | ER35: =ES35-EQ35 -> -361813 | ES35: 1063360 | ET35: =EU35-ES35 -> 440744 | EU35: 1504104 | EV35: =EW35-EU35 -> 10170 | EW35: 1514274 | EX35: 1089744 | EY35: 1220706 | EZ35: 1643947 | FA35: 1670538 | FB35: 1842544 | FC35: 1848192 | FD35: 1412222 | FE35: 1440813 | FF35: 1793077 | FG35: 2135033 | FH35: 1680062 | FI35: 1697711 | FJ35: 1700863
A36: Long term, with a remaining maturity more than 1 year | BV36: 7731342 | BW36: 7552024 | BX36: 7711344 | BY36: 7982915 | BZ36: 8387495 | CA36: 8535435 | CB36: 8646455 | CC36: 8948416 | CD36: 9019497 | CE36: 9118384 | CF36: 9346865 | CG36: 9458975 | CH36: 9580565 | CI36: 9764657 | CJ36: 10152340 | CK36: 10158905 | CL36: 10353297 | CM36: 10756576 | CN36: 11170292 | CO36: 11452100 | CP36: 11347260 | CQ36: 12212945 | CR36: 13704673 | CS36: 14533621 | CT36: 14288158 | CU36: 14319533 | CV36: 14489334 | CW36: 15064441 | CX36: 15607543 | CY36: 15842243 | CZ36: 16038558 | DA36: 15757685 | DB36: 16190963 | DC36: 16375463 | DD36: 16353880 | DE36: 16213552 | DF36: 15970465 | DG36: 15835239 | DH36: 15938271 | DI36: 15930062 | DJ36: 15912758 | DK36: 15922341 | DL36: 15967345 | DM36: 16002608 | DN36: 15504892 | DO36: 15491147 | DP36: 15505868 | DQ36: 16737317 | DR36: 18652247 | DS36: 18891099 | DT36: 18804012 | DU36: 18989802 | DV36: 18882738 | DW36: 19118881 | DX36: 19531046 | DY36: 19294326 | DZ36: 19838337 | EA36: 19933333 | EB36: 19745476 | EC36: 20069046 | ED36: 20208174 | EE36: 20018800 | EF36: 20529206 | EG36: 20648702 | EH36: 20964729 | EI36: 21097023 | EJ36: =EK36-EI36 -> 24341 | EK36: 21121364 | EL36: =EM36-EK36 -> -322105 | EM36: 20799259 | EN36: =EO36-EM36 -> 416494 | EO36: 21215753 | EP36: =EQ36-EO36 -> 113434 | EQ36: 21329187 | ER36: =ES36-EQ36 -> 125439 | ES36: 21454626 | ET36: =EU36-ES36 -> -275523 | EU36: 21179103 | EV36: =EW36-EU36 -> 4253141 | EW36: 25432244 | EX36: 25526682 | EY36: 26035204 | EZ36: 25961602 | FA36: 26213249 | FB36: 26575228 | FC36: 27134365 | FD36: 28023788 | FE36: 28515823 | FF36: 28407796 | FG36: 28949136 | FH36: 31158068 | FI36: 31732059 | FJ36: 31904055
A37: Nonfinancial corporations | B37: 1835416 | C37: 1808209 | D37: 1867989 | E37: 1937148 | F37: 1922846 | G37: 1918246 | H37: 2001546 | I37: 2018627 | J37: 2007857 | K37: 2041163 | L37: 2036763 | M37: 2126878 | N37: 2126927 | O37: 2189639 | P37: 2213027 | Q37: 2162627 | R37: 2142382 | S37: 2140382 | T37: 2159302 | U37: 2143650 | V37: 2136069 | W37: 2167025 | X37: 2240374 | Y37: 2225239 | Z37: 2847022 | AA37: 3247666 | AB37: 3237166 | AC37: 3248706 | AD37: 3256030 | AE37: 3351807 | AF37: 3412307 | AG37: 3501407 | AH37: 3529371 | AI37: 3525571 | AJ37: 3570659 | AK37: 3617859 | AL37: 3731458 | AM37: 3757109 | AN37: 3696676 | AO37: 3772805 | AP37: 3946814 | AQ37: 4009035 | AR37: 4072985 | AS37: 4085295 | AT37: 4138107 | AU37: 4287576 | AV37: 4336550 | AW37: 4384678 | AX37: 5053436 | AY37: 5052958 | AZ37: 5093711 | BA37: 5151570 | BB37: 5244836 | BC37: 5391316 | BD37: 5405886 | BE37: 5693643 | BF37: 5717432 | BG37: 5709501 | BH37: 5804835 | BI37: 5808945 | BJ37: 6486115 | BK37: 6456931 | BL37: 6537499 | BM37: 6598917 | BN37: 6649891 | BO37: 6610548 | BP37: 6641897 | BQ37: 6633660 | BR37: 6657250 | BS37: 6630854 | BT37: 6616414 | BU37: 6712492 | BV37: 6719667 | BW37: 6713798 | BX37: 6774959 | BY37: 6774317 | BZ37: 6924156 | CA37: 6901276 | CB37: 6936857 | CC37: 7049104 | CD37: 7060769 | CE37: 6995819 | CF37: 7109564 | CG37: 7228204 | CH37: 7345798 | CI37: 7357741 | CJ37: 7554577 | CK37: 7639022 | CL37: 7663563 | CM37: 7714925 | CN37: 7698515 | CO37: 7768391 | CP37: 7840466 | CQ37: 7824063 | CR37: 7915838 | CS37: 8816934 | CT37: 8988494 | CU37: 8577264 | CV37: 8666918 | CW37: 8721208 | CX37: 8680734 | CY37: 8670778 | CZ37: 8652817 | DA37: 8895142 | DB37: 9028164 | DC37: 9048586 | DD37: 9250763 | DE37: 9306358 | DF37: 9301861 | DG37: 9305209 | DH37: 9284968 | DI37: 9165760 | DJ37: 8995945 | DK37: 8920450 | DL37: 8843816 | DM37: 8931904 | DN37: 9050079 | DO37: 9227874 | DP37: 9310525 | DQ37: 9227626 | DR37: 9427671 | DS37: 9372792 | DT37: 9412352 | DU37: 9603681 | DV37: 9758866 | DW37: 9827633 | DX37: 9863796 | DY37: 10076354 | DZ37: 9926287 | EA37: 9948864 | EB37: 9910378 | EC37: 9893838 | ED37: 10220704 | EE37: 10232998 | EF37: 10417667 | EG37: 10778411 | EH37: 10814712 | EI37: 10843531 | EJ37: =EK37-EI37 -> 148790 | EK37: 10992321 | EL37: =EM37-EK37 -> 153395 | EM37: 11145716 | EN37: =EO37-EM37 -> 298072 | EO37: 11443788 | EP37: =EQ37-EO37 -> 412551 | EQ37: 11856339 | ER37: =ES37-EQ37 -> 238438 | ES37: 12094777 | ET37: =EU37-ES37 -> 869868 | EU37: 12964645 | EV37: =EW37-EU37 -> 189618 | EW37: 13154263 | EX37: 13481104 | EY37: 13441731 | EZ37: 13833531 | FA37: 14345463 | FB37: 14390213 | FC37: 14837198 | FD37: 15129157 | FE37: 15528835 | FF37: 15886839 | FG37: 16004745 | FH37: 15892949 | FI37: 16078641 | FJ37: 16008581
A38: Short-term | B38: 0 | C38: 0 | D38: 2000 | E38: 2000 | F38: 2000 | G38: 2000 | H38: 2000 | I38: 2000 | J38: 2000 | K38: 2000 | L38: 2000 | M38: 2000 | N38: 2000 | O38: 0 | P38: 0 | Q38: 0 | R38: 0 | S38: 15000 | T38: 15000 | U38: 15000 | V38: 15000 | W38: 15000 | X38: 30000 | Y38: 30000 | Z38: 0 | AA38: 0 | AB38: 0 | AC38: 0 | AD38: 0 | AE38: 0 | AF38: 0 | AG38: 0 | AH38: 0 | AI38: 0 | AJ38: 0 | AK38: 0 | AL38: 0 | AM38: 0 | AN38: 0 | AO38: 0 | AP38: 0 | AQ38: 0 | AR38: 0 | AS38: 0 | AT38: 0 | AU38: 100 | AV38: 100 | AW38: 100 | AX38: 100 | AY38: 100 | AZ38: 100 | BA38: 100 | BB38: 130 | BC38: 130 | BD38: 130 | BE38: 130 | BF38: 130 | BG38: 60 | BH38: 560 | BI38: 560 | BJ38: 10060 | BK38: 15060 | BL38: 10060 | BM38: 11770 | BN38: 10040 | BO38: 10790 | BP38: 10990 | BQ38: 10990 | BR38: 10990 | BS38: 10960 | BT38: 10960 | BU38: 10210 | BV38: 210 | BW38: 210 | BX38: 210 | BY38: 200 | BZ38: 0 | CA38: 0 | CB38: 0 | CC38: 0 | CD38: 0 | CE38: 50 | CF38: 50 | CG38: 90 | CH38: 90 | CI38: 190 | CJ38: 195 | CK38: 192 | CL38: 194 | CM38: 195 | CN38: 191 | CO38: 295 | CP38: 296 | CQ38: 242 | CR38: 264 | CS38: 427 | CT38: 464 | CU38: 465 | CV38: 469 | CW38: 464 | CX38: 465 | CY38: 467 | CZ38: 404 | DA38: 385 | DB38: 385 | DC38: 214 | DD38: 6416 | DE38: 6783 | DF38: 6677 | DG38: 7001 | DH38: 7522 | DI38: 7539 | DJ38: 6375 | DK38: 5671 | DL38: 4604 | DM38: 5524 | DN38: 5446 | DO38: 5186 | DP38: 34656 | DQ38: 34528 | DR38: 39915 | DS38: 39641 | DT38: 43129 | DU38: 44240 | DV38: 0 | DW38: 2019 | DX38: 2188 | DY38: 2297 | DZ38: 2599 | EA38: 2653 | EB38: 2561 | EC38: 2465 | ED38: 34891 | EE38: 58584 | EF38: 60430 | EG38: 58031 | EH38: 57235 | EI38: 56224 | EJ38: =EK38-EI38 -> 9810 | EK38: 66034 | EL38: =EM38-EK38 -> 686 | EM38: 66720 | EN38: =EO38-EM38 -> 3847 | EO38: 70567 | EP38: =EQ38-EO38 -> -36570 | EQ38: 33997 | ER38: =ES38-EQ38 -> -31862 | ES38: 2135 | ET38: =EU38-ES38 -> 18096 | EU38: 20231 | EV38: =EW38-EU38 -> 242 | EW38: 20473 | EX38: 27558 | EY38: 28117 | EZ38: 28145 | FA38: 56739 | FB38: 55689 | FC38: 55597 | FD38: 56662 | FE38: 56184 | FF38: 57195 | FG38: 58766 | FH38: 37942 | FI38: 37909 | FJ38: 29842
A39: Long-term | B39: 1835416 | C39: 1808209 | D39: 1865989 | E39: 1935148 | F39: 1920846 | G39: 1916246 | H39: 1999546 | I39: 2016627 | J39: 2005857 | K39: 2039163 | L39: 2034763 | M39: 2124878 | N39: 2124927 | O39: 2189639 | P39: 2213027 | Q39: 2162627 | R39: 2142382 | S39: 2125382 | T39: 2144302 | U39: 2128650 | V39: 2121069 | W39: 2152025 | X39: 2210374 | Y39: 2195239 | Z39: 2847022 | AA39: 3247666 | AB39: 3237166 | AC39: 3248706 | AD39: 3256030 | AE39: 3351807 | AF39: 3412307 | AG39: 3501407 | AH39: 3529371 | AI39: 3525571 | AJ39: 3570659 | AK39: 3617859 | AL39: 3731458 | AM39: 3757109 | AN39: 3696676 | AO39: 3772805 | AP39: 3946814 | AQ39: 4009035 | AR39: 4072985 | AS39: 4085295 | AT39: 4138107 | AU39: 4287476 | AV39: 4336450 | AW39: 4384578 | AX39: 5053336 | AY39: 5052858 | AZ39: 5093611 | BA39: 5151470 | BB39: 5244706 | BC39: 5391186 | BD39: 5405756 | BE39: 5693513 | BF39: 5717302 | BG39: 5709441 | BH39: 5804275 | BI39: 5808385 | BJ39: 6476055 | BK39: 6441871 | BL39: 6527439 | BM39: 6587147 | BN39: 6639851 | BO39: 6599758 | BP39: 6630907 | BQ39: 6622670 | BR39: 6646260 | BS39: 6619894 | BT39: 6605454 | BU39: 6702282 | BV39: 6719457 | BW39: 6713588 | BX39: 6774749 | BY39: 6774117 | BZ39: 6924156 | CA39: 6901276 | CB39: 6936857 | CC39: 7049104 | CD39: 7060769 | CE39: 6995769 | CF39: 7109514 | CG39: 7228114 | CH39: 7345708 | CI39: 7357551 | CJ39: 7554382 | CK39: 7638831 | CL39: 7663369 | CM39: 7714730 | CN39: 7698324 | CO39: 7768096 | CP39: 7840170 | CQ39: 7823821 | CR39: 7915574 | CS39: 8816507 | CT39: 8988030 | CU39: 8576798 | CV39: 8666449 | CW39: 8720744 | CX39: 8680269 | CY39: 8670311 | CZ39: 8652413 | DA39: 8894757 | DB39: 9027779 | DC39: 9048372 | DD39: 9244347 | DE39: 9299576 | DF39: 9295185 | DG39: 9298208 | DH39: 9277446 | DI39: 9158221 | DJ39: 8989569 | DK39: 8914779 | DL39: 8839212 | DM39: 8926380 | DN39: 9044633 | DO39: 9222688 | DP39: 9275869 | DQ39: 9193098 | DR39: 9387756 | DS39: 9333151 | DT39: 9369223 | DU39: 9559442 | DV39: 9758866 | DW39: 9825614 | DX39: 9861608 | DY39: 10074056 | DZ39: 9923688 | EA39: 9946211 | EB39: 9907817 | EC39: 9891373 | ED39: 10185814 | EE39: 10174414 | EF39: 10357237 | EG39: 10720380 | EH39: 10757477 | EI39: 10787307 | EJ39: =EK39-EI39 -> 138979 | EK39: 10926286 | EL39: =EM39-EK39 -> 152710 | EM39: 11078996 | EN39: =EO39-EM39 -> 294225 | EO39: 11373221 | EP39: =EQ39-EO39 -> 449121 | EQ39: 11822342 | ER39: =ES39-EQ39 -> 270300 | ES39: 12092642 | ET39: =EU39-ES39 -> 851772 | EU39: 12944414 | EV39: =EW39-EU39 -> 189375 | EW39: 13133789 | EX39: 13453546 | EY39: 13413614 | EZ39: 13805386 | FA39: 14288724 | FB39: 14334523 | FC39: 14781601 | FD39: 15072494 | FE39: 15472651 | FF39: 15829644 | FG39: 15945979 | FH39: 15855007 | FI39: 16040732 | FJ39: 15978740
A40: Long term, with a remaining maturity up to and including 1 year | BV40: 219196 | BW40: 219146 | BX40: 282901 | BY40: 283075 | BZ40: 251331 | CA40: 267431 | CB40: 262721 | CC40: 255211 | CD40: 257949 | CE40: 202947 | CF40: 263497 | CG40: 306827 | CH40: 727370 | CI40: 1140371 | CJ40: 1184774 | CK40: 1159490 | CL40: 1176830 | CM40: 1158300 | CN40: 1187476 | CO40: 1175208 | CP40: 1194790 | CQ40: 1186910 | CR40: 1143776 | CS40: 1135733 | CT40: 710306 | CU40: 330935 | CV40: 351105 | CW40: 329491 | CX40: 362263 | CY40: 376754 | CZ40: 365457 | DA40: 418354 | DB40: 411034 | DC40: 404112 | DD40: 466091 | DE40: 458458 | DF40: 500862 | DG40: 536513 | DH40: 515126 | DI40: 604841 | DJ40: 553652 | DK40: 611439 | DL40: 656252 | DM40: 607123 | DN40: 651031 | DO40: 617243 | DP40: 578018 | DQ40: 583445 | DR40: 605380 | DS40: 590417 | DT40: 607227 | DU40: 593232 | DV40: 594303 | DW40: 559845 | DX40: 512410 | DY40: 528698 | DZ40: 535523 | EA40: 586007 | EB40: 557452 | EC40: 818287 | ED40: 837139 | EE40: 836515 | EF40: 851249 | EG40: 881557 | EH40: 947034 | EI40: 945787 | EJ40: =EK40-EI40 -> 33007 | EK40: 978794 | EL40: =EM40-EK40 -> 22705 | EM40: 1001499 | EN40: =EO40-EM40 -> -29122 | EO40: 972377 | EP40: =EQ40-EO40 -> -187 | EQ40: 972190 | ER40: =ES40-EQ40 -> 129827 | ES40: 1102017 | ET40: =EU40-ES40 -> -198746 | EU40: 903271 | EV40: =EW40-EU40 -> 162287 | EW40: 1065558 | EX40: 1098758 | EY40: 1049709 | EZ40: 1064401 | FA40: 1149459 | FB40: 1263241 | FC40: 1415759 | FD40: 1483466 | FE40: 1599602 | FF40: 1777579 | FG40: 1745468 | FH40: 2406372 | FI40: 2428478 | FJ40: 2331892
A41: Long term, with a remaining maturity more than 1 year | BV41: 6500261 | BW41: 6494442 | BX41: 6491848 | BY41: 6491042 | BZ41: 6672825 | CA41: 6633845 | CB41: 6674136 | CC41: 6793893 | CD41: 6802821 | CE41: 6792822 | CF41: 6846017 | CG41: 6921288 | CH41: 6618338 | CI41: 6217181 | CJ41: 6369608 | CK41: 6479340 | CL41: 6486539 | CM41: 6556430 | CN41: 6510848 | CO41: 6592888 | CP41: 6645380 | CQ41: 6636912 | CR41: 6771799 | CS41: 7680774 | CT41: 8277724 | CU41: 8245863 | CV41: 8315345 | CW41: 8391253 | CX41: 8318006 | CY41: 8293557 | CZ41: 8286956 | DA41: 8476403 | DB41: 8616746 | DC41: 8644259 | DD41: 8778256 | DE41: 8841118 | DF41: 8794323 | DG41: 8761696 | DH41: 8762320 | DI41: 8553380 | DJ41: 8435917 | DK41: 8303340 | DL41: 8182961 | DM41: 8319257 | DN41: 8393602 | DO41: 8605445 | DP41: 8697851 | DQ41: 8609653 | DR41: 8782376 | DS41: 8742734 | DT41: 8761996 | DU41: 8966209 | DV41: 9164563 | DW41: 9265769 | DX41: 9349198 | DY41: 9545358 | DZ41: 9388165 | EA41: 9360204 | EB41: 9350364 | EC41: 9073086 | ED41: 9348674 | EE41: 9337899 | EF41: 9505988 | EG41: 9838824 | EH41: 9810443 | EI41: 9841520 | EJ41: =EK41-EI41 -> 105972 | EK41: 9947492 | EL41: =EM41-EK41 -> 130005 | EM41: 10077497 | EN41: =EO41-EM41 -> 323347 | EO41: 10400844 | EP41: =EQ41-EO41 -> 449308 | EQ41: 10850152 | ER41: =ES41-EQ41 -> 140473 | ES41: 10990625 | ET41: =EU41-ES41 -> 1050518 | EU41: 12041143 | EV41: =EW41-EU41 -> 27089 | EW41: 12068232 | EX41: 12354787 | EY41: 12363905 | EZ41: 12740985 | FA41: 13139265 | FB41: 13071282 | FC41: 13365842 | FD41: 13589028 | FE41: 13873049 | FF41: 14052065 | FG41: 14200511 | FH41: 13448635 | FI41: 13612254 | FJ41: 13646848
A42: Non-residents | B42: 70300 | C42: 70300 | D42: 70300 | E42: 70300 | F42: 70300 | G42: 70300 | H42: 70300 | I42: 70300 | J42: 70300 | K42: 87800 | L42: 102800 | M42: 102800 | N42: 102800 | O42: 102800 | P42: 102800 | Q42: 102800 | R42: 99800 | S42: 99800 | T42: 101800 | U42: 101800 | V42: 101800 | W42: 101800 | X42: 101800 | Y42: 101800 | Z42: 105800 | AA42: 105800 | AB42: 105800 | AC42: 105800 | AD42: 108800 | AE42: 108800 | AF42: 108800 | AG42: 108800 | AH42: 108800 | AI42: 108800 | AJ42: 108800 | AK42: 113800 | AL42: 113800 | AM42: 113800 | AN42: 115800 | AO42: 115800 | AP42: 115800 | AQ42: 115800 | AR42: 114800 | AS42: 114800 | AT42: 114800 | AU42: 114800 | AV42: 109800 | AW42: 109800 | AX42: 109800 | AY42: 109800 | AZ42: 109800 | BA42: 109800 | BB42: 109800 | BC42: 109800 | BD42: 119800 | BE42: 119800 | BF42: 119800 | BG42: 119800 | BH42: 119800 | BI42: 106800 | BJ42: 106800 | BK42: 106800 | BL42: 106800 | BM42: 106800 | BN42: 106800 | BO42: 106800 | BP42: 106800 | BQ42: 116800 | BR42: 116800 | BS42: 109800 | BT42: 102800 | BU42: 107800 | BV42: 107800 | BW42: 102800 | BX42: 97800 | BY42: 102800 | BZ42: 102800 | CA42: 102800 | CB42: 102800 | CC42: 107800 | CD42: 107800 | CE42: 109800 | CF42: 116800 | CG42: 110800 | CH42: 121800 | CI42: 121800 | CJ42: 120929 | CK42: 120521 | CL42: 137659 | CM42: 154770 | CN42: 160310 | CO42: 155137 | CP42: 154988 | CQ42: 152064 | CR42: 146579 | CS42: 133767 | CT42: 133844 | CU42: 133639 | CV42: 133922 | CW42: 131637 | CX42: 131278 | CY42: 121118 | CZ42: 121085 | DA42: 120787 | DB42: 121034 | DC42: 121314 | DD42: 120896 | DE42: 106826 | DF42: 106808 | DG42: 106519 | DH42: 106716 | DI42: 107014 | DJ42: 106580 | DK42: 113827 | DL42: 113859 | DM42: 113637 | DN42: 166920 | DO42: 207885 | DP42: 210968 | DQ42: 227424 | DR42: 242339 | DS42: 235545 | DT42: 204359 | DU42: 199025 | DV42: 197062 | DW42: 204986 | DX42: 204654 | DY42: 214759 | DZ42: 219472 | EA42: 220662 | EB42: 215962 | EC42: 212843 | ED42: 230012 | EE42: 229264 | EF42: 232334 | EG42: 255805 | EH42: 252243 | EI42: 240601 | EJ42: =EK42-EI42 -> -769 | EK42: 239832 | EL42: =EM42-EK42 -> 1082 | EM42: 240914 | EN42: =EO42-EM42 -> 5828 | EO42: 246742 | EP42: =EQ42-EO42 -> 3132 | EQ42: 249874 | ER42: =ES42-EQ42 -> 4206 | ES42: 254080 | ET42: =EU42-ES42 -> 13320 | EU42: 267400 | EV42: =EW42-EU42 -> -9067 | EW42: 258333 | EX42: 249618 | EY42: 238027 | EZ42: 232670 | FA42: 214030 | FB42: 211744 | FC42: 210423 | FD42: 204406 | FE42: 203734 | FF42: 211680 | FG42: 208568 | FH42: 201384 | FI42: 200547 | FJ42: 197961
A43: Short-term | B43: 13000 | C43: 13000 | D43: 13000 | E43: 13000 | F43: 13000 | G43: 13000 | H43: 13000 | I43: 13000 | J43: 13000 | K43: 13000 | L43: 0 | M43: 0 | N43: 0 | O43: 0 | P43: 0 | Q43: 0 | R43: 0 | S43: 0 | T43: 0 | U43: 0 | V43: 0 | W43: 0 | X43: 0 | Y43: 0 | Z43: 0 | AA43: 0 | AB43: 0 | AC43: 0 | AD43: 0 | AE43: 0 | AF43: 0 | AG43: 0 | AH43: 0 | AI43: 0 | AJ43: 0 | AK43: 0 | AL43: 0 | AM43: 3000 | AN43: 3000 | AO43: 3000 | AP43: 3000 | AQ43: 3000 | AR43: 3000 | AS43: 3000 | AT43: 3000 | AU43: 3000 | AV43: 3000 | AW43: 3000 | AX43: 3000 | AY43: 3000 | AZ43: 3000 | BA43: 13000 | BB43: 13000 | BC43: 13000 | BD43: 0 | BE43: 3000 | BF43: 3000 | BG43: 3000 | BH43: 0 | BI43: 0 | BJ43: 0 | BK43: 0 | BL43: 0 | BM43: 0 | BN43: 0 | BO43: 0 | BP43: 0 | BQ43: 0 | BR43: 0 | BS43: 0 | BT43: 0 | BU43: 0 | BV43: 0 | BW43: 0 | BX43: 0 | BY43: 0 | BZ43: 0 | CA43: 0 | CB43: 0 | CC43: 0 | CD43: 0 | CE43: 2000 | CF43: 2000 | CG43: 0 | CH43: 3000 | CI43: 3000 | CJ43: 0 | CK43: 0 | CL43: 0 | CM43: 0 | CN43: 0 | CO43: 0 | CP43: 0 | CQ43: 0 | CR43: 0 | CS43: 0 | CT43: 0 | CU43: 0 | CV43: 0 | CW43: 0 | CX43: 0 | CY43: 0 | CZ43: 0 | DA43: 0 | DB43: 0 | DC43: 0 | DD43: 0 | DE43: 0 | DF43: 0 | DG43: 0 | DH43: 0 | DI43: 0 | DJ43: 0 | DK43: 0 | DL43: 0 | DM43: 0 | DN43: 43091 | DO43: 43395 | DP43: 43709 | DQ43: 44013 | DR43: 44327 | DS43: 44641 | DT43: 0 | DU43: 0 | DV43: 0 | DW43: 0 | DX43: 0 | DY43: 0 | DZ43: 0 | EA43: 0 | EB43: 0 | EC43: 0 | ED43: 0 | EE43: 0 | EF43: 0 | EG43: 0 | EH43: 0 | EI43: 0 | EJ43: =EK43-EI43 -> 0 | EK43: 0 | EL43: =EM43-EK43 -> 0 | EM43: 0 | EN43: =EO43-EM43 -> 0 | EO43: 0 | EP43: =EQ43-EO43 -> 0 | EQ43: 0 | ER43: =ES43-EQ43 -> 0 | ES43: 0 | ET43: =EU43-ES43 -> 0 | EU43: 0 | EV43: =EW43-EU43 -> 0 | EW43: 0 | EX43: 0 | EY43: 0 | EZ43: 0 | FA43: 0 | FB43: 0 | FC43: 0 | FD43: 0 | FE43: 0 | FF43: 0 | FG43: 0 | FH43: 0 | FI43: 0 | FJ43: 0
A44: Long-term | B44: 57300 | C44: 57300 | D44: 57300 | E44: 57300 | F44: 57300 | G44: 57300 | H44: 57300 | I44: 57300 | J44: 57300 | K44: 74800 | L44: 102800 | M44: 102800 | N44: 102800 | O44: 102800 | P44: 102800 | Q44: 102800 | R44: 99800 | S44: 99800 | T44: 101800 | U44: 101800 | V44: 101800 | W44: 101800 | X44: 101800 | Y44: 101800 | Z44: 105800 | AA44: 105800 | AB44: 105800 | AC44: 105800 | AD44: 108800 | AE44: 108800 | AF44: 108800 | AG44: 108800 | AH44: 108800 | AI44: 108800 | AJ44: 108800 | AK44: 113800 | AL44: 113800 | AM44: 110800 | AN44: 112800 | AO44: 112800 | AP44: 112800 | AQ44: 112800 | AR44: 111800 | AS44: 111800 | AT44: 111800 | AU44: 111800 | AV44: 106800 | AW44: 106800 | AX44: 106800 | AY44: 106800 | AZ44: 106800 | BA44: 96800 | BB44: 96800 | BC44: 96800 | BD44: 119800 | BE44: 116800 | BF44: 116800 | BG44: 116800 | BH44: 119800 | BI44: 106800 | BJ44: 106800 | BK44: 106800 | BL44: 106800 | BM44: 106800 | BN44: 106800 | BO44: 106800 | BP44: 106800 | BQ44: 116800 | BR44: 116800 | BS44: 109800 | BT44: 102800 | BU44: 107800 | BV44: 107800 | BW44: 102800 | BX44: 97800 | BY44: 102800 | BZ44: 102800 | CA44: 102800 | CB44: 102800 | CC44: 107800 | CD44: 107800 | CE44: 107800 | CF44: 114800 | CG44: 110800 | CH44: 118800 | CI44: 118800 | CJ44: 120929 | CK44: 120521 | CL44: 137659 | CM44: 154770 | CN44: 160310 | CO44: 155137 | CP44: 154988 | CQ44: 152064 | CR44: 146579 | CS44: 133767 | CT44: 133844 | CU44: 133639 | CV44: 133922 | CW44: 131637 | CX44: 131278 | CY44: 121118 | CZ44: 121085 | DA44: 120787 | DB44: 121034 | DC44: 121314 | DD44: 120896 | DE44: 106826 | DF44: 106808 | DG44: 106519 | DH44: 106716 | DI44: 107014 | DJ44: 106580 | DK44: 113827 | DL44: 113859 | DM44: 113637 | DN44: 123829 | DO44: 164490 | DP44: 167258 | DQ44: 183411 | DR44: 198012 | DS44: 190904 | DT44: 204359 | DU44: 199025 | DV44: 197062 | DW44: 204986 | DX44: 204654 | DY44: 214759 | DZ44: 219472 | EA44: 220662 | EB44: 215962 | EC44: 212843 | ED44: 230012 | EE44: 229264 | EF44: 232334 | EG44: 255805 | EH44: 252243 | EI44: 240601 | EJ44: =EK44-EI44 -> -769 | EK44: 239832 | EL44: =EM44-EK44 -> 1082 | EM44: 240914 | EN44: =EO44-EM44 -> 5828 | EO44: 246742 | EP44: =EQ44-EO44 -> 3132 | EQ44: 249874 | ER44: =ES44-EQ44 -> 4206 | ES44: 254080 | ET44: =EU44-ES44 -> 13320 | EU44: 267400 | EV44: =EW44-EU44 -> -9067 | EW44: 258333 | EX44: 249618 | EY44: 238027 | EZ44: 232670 | FA44: 214030 | FB44: 211744 | FC44: 210423 | FD44: 204406 | FE44: 203734 | FF44: 211680 | FG44: 208568 | FH44: 201384 | FI44: 200547 | FJ44: 197961
A45: Long term, with a remaining maturity up to and including 1 year | BV45: 10000 | BW45: 5000 | BX45: 0 | BY45: 0 | BZ45: 0 | CA45: 0 | CB45: 0 | CC45: 5000 | CD45: 5000 | CE45: 15000 | CF45: 20000 | CG45: 20000 | CH45: 20000 | CI45: 20000 | CJ45: 20558 | CK45: 25320 | CL45: 25283 | CM45: 35493 | CN45: 35733 | CO45: 30769 | CP45: 30984 | CQ45: 20560 | CR45: 15474 | CS45: 29439 | CT45: 29551 | CU45: 29663 | CV45: 29765 | CW45: 24635 | CX45: 24708 | CY45: 14300 | CZ45: 14300 | DA45: 14300 | DB45: 14300 | DC45: 14300 | DD45: 14300 | DE45: 0 | DF45: 0 | DG45: 7037 | DH45: 7087 | DI45: 14165 | DJ45: 19265 | DK45: 26407 | DL45: 34492 | DM45: 34379 | DN45: 34470 | DO45: 34568 | DP45: 34587 | DQ45: 34671 | DR45: 34505 | DS45: 27353 | DT45: 27375 | DU45: 20400 | DV45: 17312 | DW45: 20271 | DX45: 12060 | DY45: 12110 | DZ45: 12013 | EA45: 12062 | EB45: 12110 | EC45: 19017 | ED45: 19136 | EE45: 24257 | EF45: 24063 | EG45: 24222 | EH45: 37393 | EI45: 27263 | EJ45: =EK45-EI45 -> 181 | EK45: 27444 | EL45: =EM45-EK45 -> 9980 | EM45: 37424 | EN45: =EO45-EM45 -> 40 | EO45: 37464 | EP45: =EQ45-EO45 -> 259 | EQ45: 37723 | ER45: =ES45-EQ45 -> -7332 | ES45: 30391 | ET45: =EU45-ES45 -> 5186 | EU45: 35577 | EV45: =EW45-EU45 -> 205 | EW45: 35782 | EX45: 30268 | EY45: 38445 | EZ45: 39901 | FA45: 24647 | FB45: 24806 | FC45: 24960 | FD45: 14645 | FE45: 14312 | FF45: 13722 | FG45: 13795 | FH45: 8867 | FI45: 14491 | FJ45: 14652
A46: Long term, with a remaining maturity more than 1 year | BV46: 97800 | BW46: 97800 | BX46: 97800 | BY46: 102800 | BZ46: 102800 | CA46: 102800 | CB46: 102800 | CC46: 102800 | CD46: 102800 | CE46: 92800 | CF46: 94800 | CG46: 90800 | CH46: 98800 | CI46: 98800 | CJ46: 100371 | CK46: 95201 | CL46: 112376 | CM46: 119277 | CN46: 124577 | CO46: 124368 | CP46: 124004 | CQ46: 131504 | CR46: 131104 | CS46: 104327 | CT46: 104292 | CU46: 103976 | CV46: 104158 | CW46: 107002 | CX46: 106569 | CY46: 106818 | CZ46: 106785 | DA46: 106487 | DB46: 106734 | DC46: 107014 | DD46: 106596 | DE46: 106826 | DF46: 106808 | DG46: 99482 | DH46: 99629 | DI46: 92849 | DJ46: 87315 | DK46: 87420 | DL46: 79367 | DM46: 79258 | DN46: 89359 | DO46: 129922 | DP46: 132671 | DQ46: 148739 | DR46: 163507 | DS46: 163550 | DT46: 176984 | DU46: 178626 | DV46: 179750 | DW46: 184715 | DX46: 192594 | DY46: 202649 | DZ46: 207459 | EA46: 208601 | EB46: 203852 | EC46: 193826 | ED46: 210876 | EE46: 205007 | EF46: 208271 | EG46: 231584 | EH46: 214849 | EI46: 213339 | EJ46: =EK46-EI46 -> -952 | EK46: 212387 | EL46: =EM46-EK46 -> -8897 | EM46: 203490 | EN46: =EO46-EM46 -> 5788 | EO46: 209278 | EP46: =EQ46-EO46 -> 2873 | EQ46: 212151 | ER46: =ES46-EQ46 -> 11538 | ES46: 223689 | ET46: =EU46-ES46 -> 8134 | EU46: 231823 | EV46: =EW46-EU46 -> -9273 | EW46: 222550 | EX46: 219351 | EY46: 199582 | EZ46: 192769 | FA46: 189383 | FB46: 186938 | FC46: 185463 | FD46: 189761 | FE46: 189423 | FF46: 197957 | FG46: 194773 | FH46: 192517 | FI46: 186057 | FJ46: 183308
EJ47: =EK47-EI47 -> 0 | EL47: =EM47-EK47 -> 0 | EN47: =EO47-EM47 -> 0 | EP47: =EQ47-EO47 -> 0 | ER47: =ES47-EQ47 -> 0 | ET47: =EU47-ES47 -> 0 | EV47: =EW47-EU47 -> 0
A48: Amount outstanding of debt securities in national currency | EJ48: =EK48-EI48 -> 0 | EL48: =EM48-EK48 -> 0 | EN48: =EO48-EM48 -> 0 | EP48: =EQ48-EO48 -> 0 | ER48: =ES48-EQ48 -> 0 | ET48: =EU48-ES48 -> 0 | EV48: =EW48-EU48 -> 0
A49: Total | B49: 8472170 | C49: 8350233 | D49: 8476067 | E49: 8568201 | F49: 8727117 | G49: 8762799 | H49: 8865711 | I49: 8937458 | J49: 9034483 | K49: 9226758 | L49: 9469624 | M49: 9648126 | N49: 9719081 | O49: 9914103 | P49: 9995852 | Q49: 9875231 | R49: 9865729 | S49: 9897578 | T49: 9967202 | U49: 10183842 | V49: 10120748 | W49: 10187920 | X49: 10342864 | Y49: 10220673 | Z49: 12082211 | AA49: 12531049 | AB49: 12572601 | AC49: 12423522 | AD49: 12580417 | AE49: 12777878 | AF49: 12755354 | AG49: 13067673 | AH49: 12865572 | AI49: 12901507 | AJ49: 13100650 | AK49: 13220117 | AL49: 13293487 | AM49: 13265886 | AN49: 13159667 | AO49: 13303747 | AP49: 13630164 | AQ49: 13702319 | AR49: 13840422 | AS49: 13903680 | AT49: 13859255 | AU49: 13974483 | AV49: 14084544 | AW49: 14282515 | AX49: 15122429 | AY49: 15301023 | AZ49: 15459605 | BA49: 15719232 | BB49: 15814920 | BC49: 16277911 | BD49: 16452322 | BE49: 16824536 | BF49: 17234000 | BG49: 17352674 | BH49: 17865815 | BI49: 17968788 | BJ49: 18666789 | BK49: 18866264 | BL49: 19358166 | BM49: 19745907 | BN49: 19722716 | BO49: 20034343 | BP49: 19930859 | BQ49: 20483361 | BR49: 20475425 | BS49: 20434930 | BT49: 20459663 | BU49: 20754021 | BV49: 20637139 | BW49: 20942975 | BX49: 21069743 | BY49: 21408087 | BZ49: 22083635 | CA49: 22408616 | CB49: 22695123 | CC49: 22997730 | CD49: 22725506 | CE49: 22481479 | CF49: 23176808 | CG49: 23788306 | CH49: 24581595 | CI49: 24640134 | CJ49: 25332334 | CK49: 25013468 | CL49: 25327398 | CM49: 25128893 | CN49: 25182492 | CO49: 25640593 | CP49: 26060406 | CQ49: 26848271 | CR49: 28311405 | CS49: 30218364 | CT49: 30951227 | CU49: 30492443 | CV49: 30754360 | CW49: 31340997 | CX49: 31750860 | CY49: 32058557 | CZ49: 32106007 | DA49: 32296194 | DB49: 32582259 | DC49: 32970476 | DD49: 32901905 | DE49: 32813506 | DF49: 32677779 | DG49: 32632565 | DH49: 32621961 | DI49: 32484392 | DJ49: 32279208 | DK49: 32475496 | DL49: 32448031 | DM49: 32120890 | DN49: 32396209 | DO49: 32535025 | DP49: 32580393 | DQ49: 33806636 | DR49: 35656287 | DS49: 35639460 | DT49: 35957767 | DU49: 36185409 | DV49: 36747310 | DW49: 37023342 | DX49: 37540086 | DY49: 38186711 | DZ49: 38491118 | EA49: 38769345 | EB49: 38894778 | EC49: 39276008 | ED49: 40722702 | EE49: 40991517 | EF49: 41189956 | EG49: 41592963 | EH49: 41605106 | EI49: 41941952 | EJ49: =EK49-EI49 -> 165251 | EK49: 42107203 | EL49: =EM49-EK49 -> 6084 | EM49: 42113287 | EN49: =EO49-EM49 -> 700478 | EO49: 42813765 | EP49: =EQ49-EO49 -> 710214 | EQ49: 43523979 | ER49: =ES49-EQ49 -> 156030 | ES49: 43680009 | ET49: =EU49-ES49 -> 512511 | EU49: 44192520 | EV49: =EW49-EU49 -> 4061716 | EW49: 48254236 | EX49: 48509634 | EY49: 49551552 | EZ49: 50596018 | FA49: 51860516 | FB49: 52480788 | FC49: 53149746 | FD49: 53996393 | FE49: 55031665 | FF49: 55376219 | FG49: 56600128 | FH49: 58447071 | FI49: 60348225 | FJ49: 60585495
A50: Short-term | B50: 13000 | C50: 13000 | D50: 15000 | E50: 15000 | F50: 15000 | G50: 15000 | H50: 15000 | I50: 15000 | J50: 15000 | K50: 15000 | L50: 2000 | M50: 2000 | N50: 2000 | O50: 0 | P50: 0 | Q50: 873 | R50: 873 | S50: 15873 | T50: 15873 | U50: 15873 | V50: 15873 | W50: 15873 | X50: 30873 | Y50: 30873 | Z50: 0 | AA50: 0 | AB50: 0 | AC50: 0 | AD50: 0 | AE50: 0 | AF50: 0 | AG50: 0 | AH50: 0 | AI50: 0 | AJ50: 0 | AK50: 0 | AL50: 0 | AM50: 3000 | AN50: 3000 | AO50: 3000 | AP50: 3000 | AQ50: 3000 | AR50: 3000 | AS50: 3000 | AT50: 3000 | AU50: 3100 | AV50: 8003 | AW50: 33545 | AX50: 4086 | AY50: 41162 | AZ50: 46406 | BA50: 71413 | BB50: 20166 | BC50: 60366 | BD50: 81738 | BE50: 54661 | BF50: 216553 | BG50: 165588 | BH50: 381161 | BI50: 353133 | BJ50: 399890 | BK50: 649436 | BL50: 869853 | BM50: 1225796 | BN50: 1139534 | BO50: 1377555 | BP50: 1196256 | BQ50: 1548903 | BR50: 1514004 | BS50: 1540427 | BT50: 1542713 | BU50: 1685646 | BV50: 1396218 | BW50: 1552566 | BX50: 1581207 | BY50: 1537398 | BZ50: 1578063 | CA50: 1696418 | CB50: 1814693 | CC50: 1642160 | CD50: 1330307 | CE50: 981499 | CF50: 1273409 | CG50: 1659789 | CH50: 2115601 | CI50: 2254081 | CJ50: 2091353 | CK50: 1713463 | CL50: 1678696 | CM50: 1249139 | CN50: 871475 | CO50: 869945 | CP50: 978923 | CQ50: 958202 | CR50: 827466 | CS50: 723910 | CT50: 707112 | CU50: 681343 | CV50: 669477 | CW50: 756482 | CX50: 761270 | CY50: 772167 | CZ50: 723835 | DA50: 684598 | DB50: 666657 | DC50: 691104 | DD50: 569900 | DE50: 304809 | DF50: 147867 | DG50: 151825 | DH50: 149548 | DI50: 140067 | DJ50: 136498 | DK50: 142742 | DL50: 135107 | DM50: 171859 | DN50: 201598 | DO50: 229562 | DP50: 200289 | DQ50: 141416 | DR50: 141673 | DS50: 159589 | DT50: 92092 | DU50: 122317 | DV50: 105463 | DW50: 139941 | DX50: 152592 | DY50: 197346 | DZ50: 204173 | EA50: 291938 | EB50: 339641 | EC50: 285356 | ED50: 289130 | EE50: 376536 | EF50: 279386 | EG50: 370324 | EH50: 320246 | EI50: 367350 | EJ50: =EK50-EI50 -> -22278 | EK50: 345072 | EL50: =EM50-EK50 -> -57749 | EM50: 287323 | EN50: =EO50-EM50 -> -89036 | EO50: 198287 | EP50: =EQ50-EO50 -> 75952 | EQ50: 274239 | ER50: =ES50-EQ50 -> -60131 | ES50: 214108 | ET50: =EU50-ES50 -> -22952 | EU50: 191156 | EV50: =EW50-EU50 -> 197534 | EW50: 388690 | EX50: 393055 | EY50: 429339 | EZ50: 424428 | FA50: 418244 | FB50: 454981 | FC50: 429250 | FD50: 445998 | FE50: 490766 | FF50: 440218 | FG50: 463604 | FH50: 382960 | FI50: 384450 | FJ50: 391302
A51: Long-term | B51: 8459170 | C51: 8337233 | D51: 8461067 | E51: 8553201 | F51: 8712117 | G51: 8747799 | H51: 8850711 | I51: 8922458 | J51: 9019483 | K51: 9211758 | L51: 9467624 | M51: 9646126 | N51: 9717081 | O51: 9914103 | P51: 9995852 | Q51: 9874358 | R51: 9864856 | S51: 9881705 | T51: 9951329 | U51: 10167969 | V51: 10104875 | W51: 10172047 | X51: 10311991 | Y51: 10189800 | Z51: 12082211 | AA51: 12531049 | AB51: 12572601 | AC51: 12423522 | AD51: 12580417 | AE51: 12777878 | AF51: 12755354 | AG51: 13067673 | AH51: 12865572 | AI51: 12901507 | AJ51: 13100650 | AK51: 13220117 | AL51: 13293487 | AM51: 13262886 | AN51: 13156667 | AO51: 13300747 | AP51: 13627164 | AQ51: 13699319 | AR51: 13837422 | AS51: 13900680 | AT51: 13856255 | AU51: 13971383 | AV51: 14076541 | AW51: 14248971 | AX51: 15118343 | AY51: 15259861 | AZ51: 15413199 | BA51: 15647819 | BB51: 15794754 | BC51: 16217545 | BD51: 16370584 | BE51: 16769875 | BF51: 17017447 | BG51: 17187086 | BH51: 17484653 | BI51: 17615654 | BJ51: 18266900 | BK51: 18216828 | BL51: 18488312 | BM51: 18520111 | BN51: 18583182 | BO51: 18656788 | BP51: 18734603 | BQ51: 18934458 | BR51: 18961421 | BS51: 18894503 | BT51: 18916950 | BU51: 19068374 | BV51: 19240921 | BW51: 19390410 | BX51: 19488537 | BY51: 19870690 | BZ51: 20505571 | CA51: 20712198 | CB51: 20880430 | CC51: 21355570 | CD51: 21395200 | CE51: 21499980 | CF51: 21903399 | CG51: 22128516 | CH51: 22465995 | CI51: 22386053 | CJ51: 23240981 | CK51: 23300006 | CL51: 23648702 | CM51: 23879754 | CN51: 24311017 | CO51: 24770649 | CP51: 25081483 | CQ51: 25890070 | CR51: 27483939 | CS51: 29494454 | CT51: 30244115 | CU51: 29811100 | CV51: 30084884 | CW51: 30584515 | CX51: 30989590 | CY51: 31286390 | CZ51: 31382172 | DA51: 31611596 | DB51: 31915603 | DC51: 32279373 | DD51: 32332005 | DE51: 32508697 | DF51: 32529912 | DG51: 32480740 | DH51: 32472413 | DI51: 32344326 | DJ51: 32142710 | DK51: 32332754 | DL51: 32312923 | DM51: 31949032 | DN51: 32194611 | DO51: 32305463 | DP51: 32380104 | DQ51: 33665220 | DR51: 35514615 | DS51: 35479871 | DT51: 35865675 | DU51: 36063092 | DV51: 36641846 | DW51: 36883401 | DX51: 37387494 | DY51: 37989365 | DZ51: 38286946 | EA51: 38477407 | EB51: 38555137 | EC51: 38990651 | ED51: 40433573 | EE51: 40614981 | EF51: 40910570 | EG51: 41222639 | EH51: 41284860 | EI51: 41574602 | EJ51: =EK51-EI51 -> 187528 | EK51: 41762130 | EL51: =EM51-EK51 -> 63834 | EM51: 41825964 | EN51: =EO51-EM51 -> 789514 | EO51: 42615478 | EP51: =EQ51-EO51 -> 634262 | EQ51: 43249740 | ER51: =ES51-EQ51 -> 216161 | ES51: 43465901 | ET51: =EU51-ES51 -> 535463 | EU51: 44001364 | EV51: =EW51-EU51 -> 3864182 | EW51: 47865546 | EX51: 48116579 | EY51: 49122213 | EZ51: 50171589 | FA51: 51442273 | FB51: 52025806 | FC51: 52720496 | FD51: 53550395 | FE51: 54540899 | FF51: 54936000 | FG51: 56136525 | FH51: 58064110 | FI51: 59963775 | FJ51: 60194193
A52: Long term, with a remaining maturity up to and including 1 year | BV52: 1222726 | BW52: 1471603 | BX52: 1348941 | BY52: 1401520 | BZ52: 1380261 | CA52: 1374125 | CB52: 1455933 | CC52: 1429818 | CD52: 1419547 | CE52: 1408533 | CF52: 1394624 | CG52: 1390810 | CH52: 1745940 | CI52: 1921937 | CJ52: 2043250 | CK52: 2143670 | CL52: 2397967 | CM52: 2147815 | CN52: 2410761 | CO52: 2442657 | CP52: 2827946 | CQ52: 2811150 | CR52: 2738842 | CS52: 2820802 | CT52: 2752476 | CU52: 2378260 | CV52: 2386442 | CW52: 2290881 | CX52: 2112754 | CY52: 2111922 | CZ52: 1883015 | DA52: 2382287 | DB52: 2022286 | DC52: 1983820 | DD52: 2096922 | DE52: 2218871 | DF52: 2216537 | DG52: 2452764 | DH52: 2373944 | DI52: 2451045 | DJ52: 2348099 | DK52: 2521138 | DL52: 2549999 | DM52: 2088083 | DN52: 2638827 | DO52: 2642138 | DP52: 2826593 | DQ52: 2683683 | DR52: 2313728 | DS52: 2113669 | DT52: 2513972 | DU52: 2503629 | DV52: 2863638 | DW52: 2780232 | DX52: 2704819 | DY52: 3130489 | DZ52: 2660902 | EA52: 2753166 | EB52: 2802208 | EC52: 3122462 | ED52: 3198083 | EE52: 3532140 | EF52: 3240326 | EG52: 3363105 | EH52: 3065639 | EI52: 3092375 | EJ52: =EK52-EI52 -> 58895 | EK52: 3151270 | EL52: =EM52-EK52 -> 59449 | EM52: 3210719 | EN52: =EO52-EM52 -> 91260 | EO52: 3301979 | EP52: =EQ52-EO52 -> -10123 | EQ52: 3291856 | ER52: =ES52-EQ52 -> -185848 | ES52: 3106008 | ET52: =EU52-ES52 -> 204282 | EU52: 3310290 | EV52: =EW52-EU52 -> 3992 | EW52: 3314282 | EX52: 2942452 | EY52: 2872520 | EZ52: 3212075 | FA52: 3429043 | FB52: 3581716 | FC52: 3713894 | FD52: 3467639 | FE52: 3709338 | FF52: 4241076 | FG52: 4598769 | FH52: 4698460 | FI52: 4958324 | FJ52: 4909315
A53: Long term, with a remaining maturity more than 1 year | BV53: 18018195 | BW53: 17918807 | BX53: 18139596 | BY53: 18469170 | BZ53: 19125310 | CA53: 19338072 | CB53: 19424498 | CC53: 19925752 | CD53: 19975652 | CE53: 20091447 | CF53: 20508775 | CG53: 20737706 | CH53: 20720055 | CI53: 20464116 | CJ53: 21197731 | CK53: 21156336 | CL53: 21250735 | CM53: 21731939 | CN53: 21900257 | CO53: 22327992 | CP53: 22253537 | CQ53: 23078920 | CR53: 24745097 | CS53: 26673652 | CT53: 27491638 | CU53: 27432840 | CV53: 27698441 | CW53: 28293634 | CX53: 28876836 | CY53: 29174468 | CZ53: 29499157 | DA53: 29229309 | DB53: 29893317 | DC53: 30295553 | DD53: 30235083 | DE53: 30289827 | DF53: 30313375 | DG53: 30027976 | DH53: 30098469 | DI53: 29893281 | DJ53: 29794610 | DK53: 29811616 | DL53: 29762924 | DM53: 29860949 | DN53: 29555784 | DO53: 29663325 | DP53: 29553511 | DQ53: 30981537 | DR53: 33200886 | DS53: 33366202 | DT53: 33351703 | DU53: 33559463 | DV53: 33778209 | DW53: 34103170 | DX53: 34682674 | DY53: 34858876 | DZ53: 35626043 | EA53: 35724242 | EB53: 35752929 | EC53: 35868189 | ED53: 37235489 | EE53: 37082841 | EF53: 37670244 | EG53: 37859534 | EH53: 38219221 | EI53: 38482227 | EJ53: =EK53-EI53 -> 128633 | EK53: 38610860 | EL53: =EM53-EK53 -> 4385 | EM53: 38615245 | EN53: =EO53-EM53 -> 698254 | EO53: 39313499 | EP53: =EQ53-EO53 -> 644385 | EQ53: 39957884 | ER53: =ES53-EQ53 -> 402009 | ES53: 40359893 | ET53: =EU53-ES53 -> 331182 | EU53: 40691075 | EV53: =EW53-EU53 -> 3860189 | EW53: 44551264 | EX53: 45174128 | EY53: 46249693 | EZ53: 46959514 | FA53: 48013230 | FB53: 48444090 | FC53: 49006602 | FD53: 50082757 | FE53: 50831561 | FF53: 50694924 | FG53: 51537756 | FH53: 53365651 | FI53: 55005451 | FJ53: 55284878
A54: Central bank | B54: 0 | C54: 0 | D54: 0 | E54: 0 | F54: 0 | G54: 0 | H54: 0 | I54: 0 | J54: 0 | K54: 0 | L54: 0 | M54: 0 | N54: 0 | O54: 0 | P54: 0 | Q54: 0 | R54: 0 | S54: 0 | T54: 0 | U54: 0 | V54: 0 | W54: 0 | X54: 0 | Y54: 0 | Z54: 0 | AA54: 0 | AB54: 0 | AC54: 0 | AD54: 0 | AE54: 0 | AF54: 0 | AG54: 0 | AH54: 0 | AI54: 0 | AJ54: 0 | AK54: 0 | AL54: 0 | AM54: 0 | AN54: 0 | AO54: 0 | AP54: 0 | AQ54: 0 | AR54: 0 | AS54: 0 | AT54: 0 | AU54: 0 | AV54: 0 | AW54: 0 | AX54: 0 | AY54: 0 | AZ54: 0 | BA54: 0 | BB54: 0 | BC54: 0 | BD54: 0 | BE54: 0 | BF54: 149530 | BG54: 149530 | BH54: 325158 | BI54: 303962 | BJ54: 352321 | BK54: 493641 | BL54: 700189 | BM54: 1128680 | BN54: 1041898 | BO54: 1205347 | BP54: 1112149 | BQ54: 1438878 | BR54: 1400158 | BS54: 1486459 | BT54: 1432800 | BU54: 1616930 | BV54: 1374230 | BW54: 1500000 | BX54: 1500000 | BY54: 1500000 | BZ54: 1500000 | CA54: 1600000 | CB54: 1700000 | CC54: 1500000 | CD54: 1200000 | CE54: 800000 | CF54: 1100000 | CG54: 1500000 | CH54: 1936705 | CI54: 2052691 | CJ54: 1873418 | CK54: 1544228 | CL54: 1519165 | CM54: 1109740 | CN54: 708128 | CO54: 707708 | CP54: 830037 | CQ54: 818535 | CR54: 698438 | CS54: 606413 | CT54: 574227 | CU54: 555056 | CV54: 545212 | CW54: 645069 | CX54: 658450 | CY54: 676913 | CZ54: 626380 | DA54: 596104 | DB54: 575867 | DC54: 603353 | DD54: 467491 | DE54: 163898 | DF54: 0 | DG54: 0 | DH54: 0 | DI54: 0 | DJ54: 0 | DK54: 0 | DL54: 0 | DM54: 0 | DN54: 0 | DO54: 0 | DP54: 0 | DQ54: 0 | DR54: 0 | DS54: 0 | DT54: 0 | DU54: 0 | DV54: 0 | DW54: 0 | DX54: 0 | DY54: 0 | DZ54: 0 | EA54: 0 | EB54: 0 | EC54: 0 | ED54: 0 | EE54: 0 | EF54: 0 | EG54: 0 | EH54: 0 | EI54: 0 | EJ54: =EK54-EI54 -> 0 | EK54: 0 | EL54: =EM54-EK54 -> 0 | EM54: 0 | EN54: =EO54-EM54 -> 0 | EO54: 0 | EP54: =EQ54-EO54 -> 0 | EQ54: 0 | ER54: =ES54-EQ54 -> 0 | ES54: 0 | ET54: =EU54-ES54 -> 0 | EU54: 0 | EV54: =EW54-EU54 -> 0 | EW54: 0 | EX54: 0 | EY54: 0 | EZ54: 0 | FA54: 0 | FB54: 0 | FC54: 0 | FD54: 0 | FE54: 0 | FF54: 0 | FG54: 0 | FH54: 0 | FI54: 0 | FJ54: 0
A55: Short-term | B55: 0 | C55: 0 | D55: 0 | E55: 0 | F55: 0 | G55: 0 | H55: 0 | I55: 0 | J55: 0 | K55: 0 | L55: 0 | M55: 0 | N55: 0 | O55: 0 | P55: 0 | Q55: 0 | R55: 0 | S55: 0 | T55: 0 | U55: 0 | V55: 0 | W55: 0 | X55: 0 | Y55: 0 | Z55: 0 | AA55: 0 | AB55: 0 | AC55: 0 | AD55: 0 | AE55: 0 | AF55: 0 | AG55: 0 | AH55: 0 | AI55: 0 | AJ55: 0 | AK55: 0 | AL55: 0 | AM55: 0 | AN55: 0 | AO55: 0 | AP55: 0 | AQ55: 0 | AR55: 0 | AS55: 0 | AT55: 0 | AU55: 0 | AV55: 0 | AW55: 0 | AX55: 0 | AY55: 0 | AZ55: 0 | BA55: 0 | BB55: 0 | BC55: 0 | BD55: 0 | BE55: 0 | BF55: 149530 | BG55: 149530 | BH55: 325158 | BI55: 303962 | BJ55: 352321 | BK55: 493641 | BL55: 700189 | BM55: 1128680 | BN55: 1041898 | BO55: 1205347 | BP55: 1112149 | BQ55: 1438878 | BR55: 1400158 | BS55: 1486459 | BT55: 1432800 | BU55: 1616930 | BV55: 1374230 | BW55: 1500000 | BX55: 1500000 | BY55: 1500000 | BZ55: 1500000 | CA55: 1600000 | CB55: 1700000 | CC55: 1500000 | CD55: 1200000 | CE55: 800000 | CF55: 1100000 | CG55: 1500000 | CH55: 1936705 | CI55: 2052691 | CJ55: 1873418 | CK55: 1544228 | CL55: 1519165 | CM55: 1109740 | CN55: 708128 | CO55: 707708 | CP55: 830037 | CQ55: 818535 | CR55: 698438 | CS55: 606413 | CT55: 574227 | CU55: 555056 | CV55: 545212 | CW55: 645069 | CX55: 658450 | CY55: 676913 | CZ55: 626380 | DA55: 596104 | DB55: 575867 | DC55: 603353 | DD55: 467491 | DE55: 163898 | DF55: 0 | DG55: 0 | DH55: 0 | DI55: 0 | DJ55: 0 | DK55: 0 | DL55: 0 | DM55: 0 | DN55: 0 | DO55: 0 | DP55: 0 | DQ55: 0 | DR55: 0 | DS55: 0 | DT55: 0 | DU55: 0 | DV55: 0 | DW55: 0 | DX55: 0 | DY55: 0 | DZ55: 0 | EA55: 0 | EB55: 0 | EC55: 0 | ED55: 0 | EE55: 0 | EF55: 0 | EG55: 0 | EH55: 0 | EI55: 0 | EJ55: =EK55-EI55 -> 0 | EK55: 0 | EL55: =EM55-EK55 -> 0 | EM55: 0 | EN55: =EO55-EM55 -> 0 | EO55: 0 | EP55: =EQ55-EO55 -> 0 | EQ55: 0 | ER55: =ES55-EQ55 -> 0 | ES55: 0 | ET55: =EU55-ES55 -> 0 | EU55: 0 | EV55: =EW55-EU55 -> 0 | EW55: 0 | EX55: 0 | EY55: 0 | EZ55: 0 | FA55: 0 | FB55: 0 | FC55: 0 | FD55: 0 | FE55: 0 | FF55: 0 | FG55: 0 | FH55: 0 | FI55: 0 | FJ55: 0
A56: Long-term | B56: 0 | C56: 0 | D56: 0 | E56: 0 | F56: 0 | G56: 0 | H56: 0 | I56: 0 | J56: 0 | K56: 0 | L56: 0 | M56: 0 | N56: 0 | O56: 0 | P56: 0 | Q56: 0 | R56: 0 | S56: 0 | T56: 0 | U56: 0 | V56: 0 | W56: 0 | X56: 0 | Y56: 0 | Z56: 0 | AA56: 0 | AB56: 0 | AC56: 0 | AD56: 0 | AE56: 0 | AF56: 0 | AG56: 0 | AH56: 0 | AI56: 0 | AJ56: 0 | AK56: 0 | AL56: 0 | AM56: 0 | AN56: 0 | AO56: 0 | AP56: 0 | AQ56: 0 | AR56: 0 | AS56: 0 | AT56: 0 | AU56: 0 | AV56: 0 | AW56: 0 | AX56: 0 | AY56: 0 | AZ56: 0 | BA56: 0 | BB56: 0 | BC56: 0 | BD56: 0 | BE56: 0 | BF56: 0 | BG56: 0 | BH56: 0 | BI56: 0 | BJ56: 0 | BK56: 0 | BL56: 0 | BM56: 0 | BN56: 0 | BO56: 0 | BP56: 0 | BQ56: 0 | BR56: 0 | BS56: 0 | BT56: 0 | BU56: 0 | BV56: 0 | BW56: 0 | BX56: 0 | BY56: 0 | BZ56: 0 | CA56: 0 | CB56: 0 | CC56: 0 | CD56: 0 | CE56: 0 | CF56: 0 | CG56: 0 | CH56: 0 | CI56: 0 | CJ56: 0 | CK56: 0 | CL56: 0 | CM56: 0 | CN56: 0 | CO56: 0 | CP56: 0 | CQ56: 0 | CR56: 0 | CS56: 0 | CT56: 0 | CU56: 0 | CV56: 0 | CW56: 0 | CX56: 0 | CY56: 0 | CZ56: 0 | DA56: 0 | DB56: 0 | DC56: 0 | DD56: 0 | DE56: 0 | DF56: 0 | DG56: 0 | DH56: 0 | DI56: 0 | DJ56: 0 | DK56: 0 | DL56: 0 | DM56: 0 | DN56: 0 | DO56: 0 | DP56: 0 | DQ56: 0 | DR56: 0 | DS56: 0 | DT56: 0 | DU56: 0 | DV56: 0 | DW56: 0 | DX56: 0 | DY56: 0 | DZ56: 0 | EA56: 0 | EB56: 0 | EC56: 0 | ED56: 0 | EE56: 0 | EF56: 0 | EG56: 0 | EH56: 0 | EI56: 0 | EJ56: =EK56-EI56 -> 0 | EK56: 0 | EL56: =EM56-EK56 -> 0 | EM56: 0 | EN56: =EO56-EM56 -> 0 | EO56: 0 | EP56: =EQ56-EO56 -> 0 | EQ56: 0 | ER56: =ES56-EQ56 -> 0 | ES56: 0 | ET56: =EU56-ES56 -> 0 | EU56: 0 | EV56: =EW56-EU56 -> 0 | EW56: 0 | EX56: 0 | EY56: 0 | EZ56: 0 | FA56: 0 | FB56: 0 | FC56: 0 | FD56: 0 | FE56: 0 | FF56: 0 | FG56: 0 | FH56: 0 | FI56: 0 | FJ56: 0
A57: Long term, with a remaining maturity up to and including 1 year | BV57: 0 | BW57: 0 | BX57: 0 | BY57: 0 | BZ57: 0 | CA57: 0 | CB57: 0 | CC57: 0 | CD57: 0 | CE57: 0 | CF57: 0 | CG57: 0 | CH57: 0 | CI57: 0 | CJ57: 0 | CK57: 0 | CL57: 0 | CM57: 0 | CN57: 0 | CO57: 0 | CP57: 0 | CQ57: 0 | CR57: 0 | CS57: 0 | CT57: 0 | CU57: 0 | CV57: 0 | CW57: 0 | CX57: 0 | CY57: 0 | CZ57: 0 | DA57: 0 | DB57: 0 | DC57: 0 | DD57: 0 | DE57: 0 | DF57: 0 | DG57: 0 | DH57: 0 | DI57: 0 | DJ57: 0 | DK57: 0 | DL57: 0 | DM57: 0 | DN57: 0 | DO57: 0 | DP57: 0 | DQ57: 0 | DR57: 0 | DS57: 0 | DT57: 0 | DU57: 0 | DV57: 0 | DW57: 0 | DX57: 0 | DY57: 0 | DZ57: 0 | EA57: 0 | EB57: 0 | EC57: 0 | ED57: 0 | EE57: 0 | EF57: 0 | EG57: 0 | EH57: 0 | EI57: 0 | EJ57: =EK57-EI57 -> 0 | EK57: 0 | EL57: =EM57-EK57 -> 0 | EM57: 0 | EN57: =EO57-EM57 -> 0 | EO57: 0 | EP57: =EQ57-EO57 -> 0 | EQ57: 0 | ER57: =ES57-EQ57 -> 0 | ES57: 0 | ET57: =EU57-ES57 -> 0 | EU57: 0 | EV57: =EW57-EU57 -> 0 | EW57: 0 | EX57: 0 | EY57: 0 | EZ57: 0 | FA57: 0 | FB57: 0 | FC57: 0 | FD57: 0 | FE57: 0 | FF57: 0 | FG57: 0 | FH57: 0 | FI57: 0 | FJ57: 0
A58: Long term, with a remaining maturity more than 1 year | BV58: 0 | BW58: 0 | BX58: 0 | BY58: 0 | BZ58: 0 | CA58: 0 | CB58: 0 | CC58: 0 | CD58: 0 | CE58: 0 | CF58: 0 | CG58: 0 | CH58: 0 | CI58: 0 | CJ58: 0 | CK58: 0 | CL58: 0 | CM58: 0 | CN58: 0 | CO58: 0 | CP58: 0 | CQ58: 0 | CR58: 0 | CS58: 0 | CT58: 0 | CU58: 0 | CV58: 0 | CW58: 0 | CX58: 0 | CY58: 0 | CZ58: 0 | DA58: 0 | DB58: 0 | DC58: 0 | DD58: 0 | DE58: 0 | DF58: 0 | DG58: 0 | DH58: 0 | DI58: 0 | DJ58: 0 | DK58: 0 | DL58: 0 | DM58: 0 | DN58: 0 | DO58: 0 | DP58: 0 | DQ58: 0 | DR58: 0 | DS58: 0 | DT58: 0 | DU58: 0 | DV58: 0 | DW58: 0 | DX58: 0 | DY58: 0 | DZ58: 0 | EA58: 0 | EB58: 0 | EC58: 0 | ED58: 0 | EE58: 0 | EF58: 0 | EG58: 0 | EH58: 0 | EI58: 0 | EJ58: =EK58-EI58 -> 0 | EK58: 0 | EL58: =EM58-EK58 -> 0 | EM58: 0 | EN58: =EO58-EM58 -> 0 | EO58: 0 | EP58: =EQ58-EO58 -> 0 | EQ58: 0 | ER58: =ES58-EQ58 -> 0 | ES58: 0 | ET58: =EU58-ES58 -> 0 | EU58: 0 | EV58: =EW58-EU58 -> 0 | EW58: 0 | EX58: 0 | EY58: 0 | EZ58: 0 | FA58: 0 | FB58: 0 | FC58: 0 | FD58: 0 | FE58: 0 | FF58: 0 | FG58: 0 | FH58: 0 | FI58: 0 | FJ58: 0
A59: Other depository corporations | B59: 1136389 | C59: 1116889 | D59: 1200371 | E59: 1219871 | F59: 1242371 | G59: 1240425 | H59: 1233855 | I59: 1253510 | J59: 1265993 | K59: 1306554 | L59: 1372134 | M59: 1355316 | N59: 1354406 | O59: 1360463 | P59: 1338840 | Q59: 1337946 | R59: 1322946 | S59: 1343505 | T59: 1379623 | U59: 1367852 | V59: 1378488 | W59: 1420707 | X59: 1458707 | Y59: 1439110 | Z59: 1518473 | AA59: 1547368 | AB59: 1534883 | AC59: 1517104 | AD59: 1517563 | AE59: 1515042 | AF59: 1570534 | AG59: 1614034 | AH59: 1555502 | AI59: 1545062 | AJ59: 1566062 | AK59: 1566652 | AL59: 1585148 | AM59: 1547348 | AN59: 1472812 | AO59: 1489579 | AP59: 1495079 | AQ59: 1521581 | AR59: 1526008 | AS59: 1510508 | AT59: 1504009 | AU59: 1468023 | AV59: 1450925 | AW59: 1463666 | AX59: 1455244 | AY59: 1502419 | AZ59: 1490611 | BA59: 1524665 | BB59: 1498388 | BC59: 1631684 | BD59: 1654901 | BE59: 1616924 | BF59: 1618797 | BG59: 1567014 | BH59: 1678460 | BI59: 1683133 | BJ59: 1658700 | BK59: 1737793 | BL59: 1742102 | BM59: 1708156 | BN59: 1684556 | BO59: 1740401 | BP59: 1655136 | BQ59: 1749006 | BR59: 1799595 | BS59: 1771989 | BT59: 1783307 | BU59: 1781340 | BV59: 1825874 | BW59: 1867915 | BX59: 1882913 | BY59: 1908957 | BZ59: 2010363 | CA59: 2062132 | CB59: 2057550 | CC59: 2155008 | CD59: 2142839 | CE59: 2229209 | CF59: 2282404 | CG59: 2285983 | CH59: 2362807 | CI59: 2384996 | CJ59: 2417200 | CK59: 2425855 | CL59: 2409365 | CM59: 2391794 | CN59: 2375042 | CO59: 2451750 | CP59: 2476821 | CQ59: 2445286 | CR59: 2494766 | CS59: 2596753 | CT59: 2670097 | CU59: 2654439 | CV59: 2740466 | CW59: 2668017 | CX59: 2715882 | CY59: 2693328 | CZ59: 2821530 | DA59: 2818417 | DB59: 2846974 | DC59: 2898106 | DD59: 2896378 | DE59: 2928560 | DF59: 3014962 | DG59: 2999273 | DH59: 2912635 | DI59: 2876559 | DJ59: 2808071 | DK59: 2807716 | DL59: 2765651 | DM59: 2743060 | DN59: 2726875 | DO59: 2686412 | DP59: 2643943 | DQ59: 2700188 | DR59: 2654661 | DS59: 2609447 | DT59: 2723490 | DU59: 2736215 | DV59: 2706979 | DW59: 2706394 | DX59: 2767967 | DY59: 2817879 | DZ59: 2763059 | EA59: 2738145 | EB59: 2794853 | EC59: 2693791 | ED59: 2698021 | EE59: 2773657 | EF59: 2759027 | EG59: 2770115 | EH59: 2736898 | EI59: 2666072 | EJ59: =EK59-EI59 -> -39322 | EK59: 2626750 | EL59: =EM59-EK59 -> -60214 | EM59: 2566536 | EN59: =EO59-EM59 -> 33189 | EO59: 2599725 | EP59: =EQ59-EO59 -> 19784 | EQ59: 2619509 | ER59: =ES59-EQ59 -> 41135 | ES59: 2660644 | ET59: =EU59-ES59 -> -142324 | EU59: 2518320 | EV59: =EW59-EU59 -> 106620 | EW59: 2624940 | EX59: 2596559 | EY59: 2550148 | EZ59: 2594612 | FA59: 2611124 | FB59: 2605848 | FC59: 2649106 | FD59: 2634755 | FE59: 2657777 | FF59: 2667386 | FG59: 2635280 | FH59: 2589368 | FI59: 2696948 | FJ59: 2676175
A60: Short-term | B60: 0 | C60: 0 | D60: 0 | E60: 0 | F60: 0 | G60: 0 | H60: 0 | I60: 0 | J60: 0 | K60: 0 | L60: 0 | M60: 0 | N60: 0 | O60: 0 | P60: 0 | Q60: 0 | R60: 0 | S60: 0 | T60: 0 | U60: 0 | V60: 0 | W60: 0 | X60: 0 | Y60: 0 | Z60: 0 | AA60: 0 | AB60: 0 | AC60: 0 | AD60: 0 | AE60: 0 | AF60: 0 | AG60: 0 | AH60: 0 | AI60: 0 | AJ60: 0 | AK60: 0 | AL60: 0 | AM60: 0 | AN60: 0 | AO60: 0 | AP60: 0 | AQ60: 0 | AR60: 0 | AS60: 0 | AT60: 0 | AU60: 0 | AV60: 4903 | AW60: 30415 | AX60: 956 | AY60: 38032 | AZ60: 43276 | BA60: 58233 | BB60: 6956 | BC60: 47156 | BD60: 81500 | BE60: 51423 | BF60: 63755 | BG60: 12860 | BH60: 55306 | BI60: 48503 | BJ60: 37360 | BK60: 112587 | BL60: 112587 | BM60: 34587 | BN60: 31587 | BO60: 69979 | BP60: 32687 | BQ60: 47355 | BR60: 55143 | BS60: 28946 | BT60: 55489 | BU60: 35156 | BV60: 10288 | BW60: 33513 | BX60: 36149 | BY60: 13271 | BZ60: 55253 | CA60: 69176 | CB60: 69855 | CC60: 114630 | CD60: 105195 | CE60: 151177 | CF60: 166574 | CG60: 156573 | CH60: 167664 | CI60: 194844 | CJ60: 175523 | CK60: 167411 | CL60: 159169 | CM60: 137372 | CN60: 160701 | CO60: 156711 | CP60: 145660 | CQ60: 133026 | CR60: 121510 | CS60: 108914 | CT60: 124089 | CU60: 116824 | CV60: 107806 | CW60: 96165 | CX60: 83113 | CY60: 72259 | CZ60: 67659 | DA60: 61844 | DB60: 58998 | DC60: 66474 | DD60: 73325 | DE60: 82949 | DF60: 90960 | DG60: 89487 | DH60: 74693 | DI60: 72307 | DJ60: 68243 | DK60: 74619 | DL60: 66508 | DM60: 83706 | DN60: 70009 | DO60: 67388 | DP60: 83963 | DQ60: 34207 | DR60: 28684 | DS60: 37262 | DT60: 38628 | DU60: 67891 | DV60: 49477 | DW60: 80886 | DX60: 74347 | DY60: 132975 | DZ60: 125169 | EA60: 166892 | EB60: 212721 | EC60: 123442 | ED60: 122696 | EE60: 210733 | EF60: 187832 | EG60: 192211 | EH60: 141913 | EI60: 121349 | EJ60: =EK60-EI60 -> -2192 | EK60: 119157 | EL60: =EM60-EK60 -> -8044 | EM60: 111113 | EN60: =EO60-EM60 -> -36193 | EO60: 74920 | EP60: =EQ60-EO60 -> 29165 | EQ60: 104085 | ER60: =ES60-EQ60 -> -3966 | ES60: 100119 | ET60: =EU60-ES60 -> -23092 | EU60: 77027 | EV60: =EW60-EU60 -> 13461 | EW60: 90488 | EX60: 88667 | EY60: 99785 | EZ60: 96681 | FA60: 97071 | FB60: 88158 | FC60: 80102 | FD60: 82194 | FE60: 81482 | FF60: 95597 | FG60: 93127 | FH60: 106059 | FI60: 124045 | FJ60: 123594
A61: Long-term | B61: 1136389 | C61: 1116889 | D61: 1200371 | E61: 1219871 | F61: 1242371 | G61: 1240425 | H61: 1233855 | I61: 1253510 | J61: 1265993 | K61: 1306554 | L61: 1372134 | M61: 1355316 | N61: 1354406 | O61: 1360463 | P61: 1338840 | Q61: 1337946 | R61: 1322946 | S61: 1343505 | T61: 1379623 | U61: 1367852 | V61: 1378488 | W61: 1420707 | X61: 1458707 | Y61: 1439110 | Z61: 1518473 | AA61: 1547368 | AB61: 1534883 | AC61: 1517104 | AD61: 1517563 | AE61: 1515042 | AF61: 1570534 | AG61: 1614034 | AH61: 1555502 | AI61: 1545062 | AJ61: 1566062 | AK61: 1566652 | AL61: 1585148 | AM61: 1547348 | AN61: 1472812 | AO61: 1489579 | AP61: 1495079 | AQ61: 1521581 | AR61: 1526008 | AS61: 1510508 | AT61: 1504009 | AU61: 1468023 | AV61: 1446023 | AW61: 1433251 | AX61: 1454287 | AY61: 1464387 | AZ61: 1447334 | BA61: 1466432 | BB61: 1491432 | BC61: 1584528 | BD61: 1573401 | BE61: 1565501 | BF61: 1555042 | BG61: 1554154 | BH61: 1623154 | BI61: 1634629 | BJ61: 1621340 | BK61: 1625206 | BL61: 1629515 | BM61: 1673569 | BN61: 1652969 | BO61: 1670422 | BP61: 1622449 | BQ61: 1701651 | BR61: 1744452 | BS61: 1743043 | BT61: 1727818 | BU61: 1746184 | BV61: 1815587 | BW61: 1834402 | BX61: 1846764 | BY61: 1895686 | BZ61: 1955110 | CA61: 1992956 | CB61: 1987695 | CC61: 2040378 | CD61: 2037644 | CE61: 2078033 | CF61: 2115830 | CG61: 2129411 | CH61: 2195143 | CI61: 2190152 | CJ61: 2241677 | CK61: 2258444 | CL61: 2250196 | CM61: 2254422 | CN61: 2214341 | CO61: 2295039 | CP61: 2331160 | CQ61: 2312260 | CR61: 2373256 | CS61: 2487839 | CT61: 2546008 | CU61: 2537615 | CV61: 2632660 | CW61: 2571853 | CX61: 2632769 | CY61: 2621068 | CZ61: 2753871 | DA61: 2756573 | DB61: 2787976 | DC61: 2831631 | DD61: 2823053 | DE61: 2845611 | DF61: 2924002 | DG61: 2909786 | DH61: 2837942 | DI61: 2804252 | DJ61: 2739828 | DK61: 2733097 | DL61: 2699143 | DM61: 2659354 | DN61: 2656866 | DO61: 2619023 | DP61: 2559981 | DQ61: 2665981 | DR61: 2625976 | DS61: 2572185 | DT61: 2684862 | DU61: 2668324 | DV61: 2657502 | DW61: 2625507 | DX61: 2693621 | DY61: 2684904 | DZ61: 2637890 | EA61: 2571252 | EB61: 2582132 | EC61: 2570349 | ED61: 2575325 | EE61: 2562925 | EF61: 2571194 | EG61: 2577904 | EH61: 2594985 | EI61: 2544724 | EJ61: =EK61-EI61 -> -37131 | EK61: 2507593 | EL61: =EM61-EK61 -> -52170 | EM61: 2455423 | EN61: =EO61-EM61 -> 69382 | EO61: 2524805 | EP61: =EQ61-EO61 -> -9381 | EQ61: 2515424 | ER61: =ES61-EQ61 -> 45101 | ES61: 2560525 | ET61: =EU61-ES61 -> -119233 | EU61: 2441292 | EV61: =EW61-EU61 -> 93160 | EW61: 2534452 | EX61: 2507892 | EY61: 2450363 | EZ61: 2497932 | FA61: 2514054 | FB61: 2517690 | FC61: 2569004 | FD61: 2552561 | FE61: 2576295 | FF61: 2571789 | FG61: 2542153 | FH61: 2483308 | FI61: 2572903 | FJ61: 2552582
A62: Long term, with a remaining maturity up to and including 1 year | BV62: 151691 | BW62: 168691 | BX62: 186191 | BY62: 190111 | BZ62: 194888 | CA62: 194104 | CB62: 255214 | CC62: 233654 | CD62: 220852 | CE62: 242852 | CF62: 234852 | CG62: 209052 | CH62: 281021 | CI62: 279021 | CJ62: 268821 | CK62: 329973 | CL62: 350978 | CM62: 345171 | CN62: 338530 | CO62: 380488 | CP62: 442576 | CQ62: 455957 | CR62: 467641 | CS62: 512750 | CT62: 453330 | CU62: 466273 | CV62: 537891 | CW62: 497932 | CX62: 509417 | CY62: 511947 | CZ62: 504021 | DA62: 504680 | DB62: 459029 | DC62: 431336 | DD62: 463379 | DE62: 435476 | DF62: 448409 | DG62: 484540 | DH62: 426628 | DI62: 416187 | DJ62: 386750 | DK62: 445007 | DL62: 443217 | DM62: 440708 | DN62: 459007 | DO62: 495298 | DP62: 587508 | DQ62: 639264 | DR62: 609957 | DS62: 586695 | DT62: 591239 | DU62: 588518 | DV62: 590701 | DW62: 564205 | DX62: 592114 | DY62: 573060 | DZ62: 550279 | EA62: 575890 | EB62: 452716 | EC62: 508059 | ED62: 553515 | EE62: 551242 | EF62: 597660 | EG62: 657625 | EH62: 640082 | EI62: 615963 | EJ62: =EK62-EI62 -> -48225 | EK62: 567738 | EL62: =EM62-EK62 -> 34162 | EM62: 601900 | EN62: =EO62-EM62 -> 21926 | EO62: 623826 | EP62: =EQ62-EO62 -> -40966 | EQ62: 582860 | ER62: =ES62-EQ62 -> 42549 | ES62: 625409 | ET62: =EU62-ES62 -> -71815 | EU62: 553594 | EV62: =EW62-EU62 -> -23982 | EW62: 529612 | EX62: 516171 | EY62: 455988 | EZ62: 375877 | FA62: 411117 | FB62: 514969 | FC62: 564604 | FD62: 547345 | FE62: 542707 | FF62: 529787 | FG62: 481556 | FH62: 438551 | FI62: 546181 | FJ62: 572223
A63: Long term, with a remaining maturity more than 1 year | BV63: 1663896 | BW63: 1665712 | BX63: 1660573 | BY63: 1705575 | BZ63: 1760221 | CA63: 1798852 | CB63: 1732482 | CC63: 1806724 | CD63: 1816792 | CE63: 1835181 | CF63: 1880978 | CG63: 1920359 | CH63: 1914122 | CI63: 1911131 | CJ63: 1972856 | CK63: 1928471 | CL63: 1899218 | CM63: 1909251 | CN63: 1875811 | CO63: 1914552 | CP63: 1888584 | CQ63: 1856304 | CR63: 1905615 | CS63: 1975089 | CT63: 2092678 | CU63: 2071342 | CV63: 2094769 | CW63: 2073920 | CX63: 2123352 | CY63: 2109122 | CZ63: 2249850 | DA63: 2251893 | DB63: 2328947 | DC63: 2400296 | DD63: 2359674 | DE63: 2410134 | DF63: 2475593 | DG63: 2425246 | DH63: 2411314 | DI63: 2388065 | DJ63: 2353078 | DK63: 2288091 | DL63: 2255926 | DM63: 2218646 | DN63: 2197859 | DO63: 2123725 | DP63: 1972473 | DQ63: 2026717 | DR63: 2016020 | DS63: 1985490 | DT63: 2093623 | DU63: 2079806 | DV63: 2066801 | DW63: 2061302 | DX63: 2101506 | DY63: 2111844 | DZ63: 2087610 | EA63: 1995362 | EB63: 2129416 | EC63: 2062290 | ED63: 2021810 | EE63: 2011682 | EF63: 1973534 | EG63: 1920279 | EH63: 1954903 | EI63: 1928761 | EJ63: =EK63-EI63 -> 11094 | EK63: 1939855 | EL63: =EM63-EK63 -> -86332 | EM63: 1853523 | EN63: =EO63-EM63 -> 47456 | EO63: 1900979 | EP63: =EQ63-EO63 -> 31585 | EQ63: 1932564 | ER63: =ES63-EQ63 -> 2552 | ES63: 1935116 | ET63: =EU63-ES63 -> -47418 | EU63: 1887698 | EV63: =EW63-EU63 -> 117142 | EW63: 2004840 | EX63: 1991721 | EY63: 1994375 | EZ63: 2122055 | FA63: 2102937 | FB63: 2002721 | FC63: 2004401 | FD63: 2005216 | FE63: 2033588 | FF63: 2042002 | FG63: 2060597 | FH63: 2044757 | FI63: 2026721 | FJ63: 1980359
A64: Insurance corporations | B64: 15000 | C64: 15000 | D64: 15000 | E64: 15000 | F64: 18000 | G64: 18000 | H64: 18000 | I64: 18000 | J64: 18000 | K64: 18000 | L64: 18000 | M64: 18000 | N64: 18000 | O64: 18000 | P64: 18000 | Q64: 18000 | R64: 18000 | S64: 18000 | T64: 18000 | U64: 18000 | V64: 18000 | W64: 18000 | X64: 18000 | Y64: 13000 | Z64: 13000 | AA64: 13000 | AB64: 13000 | AC64: 13000 | AD64: 13000 | AE64: 13000 | AF64: 13000 | AG64: 13000 | AH64: 13000 | AI64: 13000 | AJ64: 13000 | AK64: 13000 | AL64: 13000 | AM64: 13000 | AN64: 13000 | AO64: 13000 | AP64: 13000 | AQ64: 13000 | AR64: 13000 | AS64: 13000 | AT64: 13000 | AU64: 13000 | AV64: 13000 | AW64: 13000 | AX64: 13000 | AY64: 13000 | AZ64: 13000 | BA64: 13000 | BB64: 17000 | BC64: 17000 | BD64: 17000 | BE64: 17000 | BF64: 17000 | BG64: 12000 | BH64: 12000 | BI64: 7000 | BJ64: 7000 | BK64: 7000 | BL64: 7000 | BM64: 7000 | BN64: 7000 | BO64: 7000 | BP64: 7000 | BQ64: 7000 | BR64: 7000 | BS64: 7000 | BT64: 7000 | BU64: 7000 | BV64: 7000 | BW64: 7000 | BX64: 7000 | BY64: 7000 | BZ64: 7000 | CA64: 7000 | CB64: 7000 | CC64: 7000 | CD64: 7000 | CE64: 4000 | CF64: 7000 | CG64: 7000 | CH64: 7000 | CI64: 7000 | CJ64: 7282 | CK64: 7343 | CL64: 7043 | CM64: 7101 | CN64: 7157 | CO64: 7215 | CP64: 7273 | CQ64: 7329 | CR64: 7047 | CS64: 7103 | CT64: 7161 | CU64: 7219 | CV64: 7271 | CW64: 7329 | CX64: 7035 | CY64: 7082 | CZ64: 7127 | DA64: 7174 | DB64: 7221 | DC64: 7266 | DD64: 4021 | DE64: 4044 | DF64: 4068 | DG64: 4091 | DH64: 4113 | DI64: 4137 | DJ64: 0 | DK64: 0 | DL64: 0 | DM64: 0 | DN64: 0 | DO64: 0 | DP64: 0 | DQ64: 0 | DR64: 0 | DS64: 0 | DT64: 0 | DU64: 0 | DV64: 0 | DW64: 0 | DX64: 0 | DY64: 0 | DZ64: 0 | EA64: 0 | EB64: 0 | EC64: 0 | ED64: 0 | EE64: 0 | EF64: 0 | EG64: 0 | EH64: 0 | EI64: 0 | EJ64: =EK64-EI64 -> 0 | EK64: 0 | EL64: =EM64-EK64 -> 0 | EM64: 0 | EN64: =EO64-EM64 -> 0 | EO64: 0 | EP64: =EQ64-EO64 -> 0 | EQ64: 0 | ER64: =ES64-EQ64 -> 0 | ES64: 0 | ET64: =EU64-ES64 -> 0 | EU64: 0 | EV64: =EW64-EU64 -> 0 | EW64: 0 | EX64: 0 | EY64: 0 | EZ64: 0 | FA64: 0 | FB64: 0 | FC64: 0 | FD64: 0 | FE64: 0 | FF64: 0 | FG64: 0 | FH64: 0 | FI64: 0 | FJ64: 0
A65: Short-term | B65: 0 | C65: 0 | D65: 0 | E65: 0 | F65: 0 | G65: 0 | H65: 0 | I65: 0 | J65: 0 | K65: 0 | L65: 0 | M65: 0 | N65: 0 | O65: 0 | P65: 0 | Q65: 0 | R65: 0 | S65: 0 | T65: 0 | U65: 0 | V65: 0 | W65: 0 | X65: 0 | Y65: 0 | Z65: 0 | AA65: 0 | AB65: 0 | AC65: 0 | AD65: 0 | AE65: 0 | AF65: 0 | AG65: 0 | AH65: 0 | AI65: 0 | AJ65: 0 | AK65: 0 | AL65: 0 | AM65: 0 | AN65: 0 | AO65: 0 | AP65: 0 | AQ65: 0 | AR65: 0 | AS65: 0 | AT65: 0 | AU65: 0 | AV65: 0 | AW65: 0 | AX65: 0 | AY65: 0 | AZ65: 0 | BA65: 0 | BB65: 0 | BC65: 0 | BD65: 0 | BE65: 0 | BF65: 0 | BG65: 0 | BH65: 0 | BI65: 0 | BJ65: 0 | BK65: 0 | BL65: 0 | BM65: 0 | BN65: 0 | BO65: 0 | BP65: 0 | BQ65: 0 | BR65: 0 | BS65: 0 | BT65: 0 | BU65: 0 | BV65: 0 | BW65: 0 | BX65: 0 | BY65: 0 | BZ65: 0 | CA65: 0 | CB65: 0 | CC65: 0 | CD65: 0 | CE65: 0 | CF65: 0 | CG65: 0 | CH65: 0 | CI65: 0 | CJ65: 0 | CK65: 0 | CL65: 0 | CM65: 0 | CN65: 0 | CO65: 0 | CP65: 0 | CQ65: 0 | CR65: 0 | CS65: 0 | CT65: 0 | CU65: 0 | CV65: 0 | CW65: 0 | CX65: 0 | CY65: 0 | CZ65: 0 | DA65: 0 | DB65: 0 | DC65: 0 | DD65: 0 | DE65: 0 | DF65: 0 | DG65: 0 | DH65: 0 | DI65: 0 | DJ65: 0 | DK65: 0 | DL65: 0 | DM65: 0 | DN65: 0 | DO65: 0 | DP65: 0 | DQ65: 0 | DR65: 0 | DS65: 0 | DT65: 0 | DU65: 0 | DV65: 0 | DW65: 0 | DX65: 0 | DY65: 0 | DZ65: 0 | EA65: 0 | EB65: 0 | EC65: 0 | ED65: 0 | EE65: 0 | EF65: 0 | EG65: 0 | EH65: 0 | EI65: 0 | EJ65: =EK65-EI65 -> 0 | EK65: 0 | EL65: =EM65-EK65 -> 0 | EM65: 0 | EN65: =EO65-EM65 -> 0 | EO65: 0 | EP65: =EQ65-EO65 -> 0 | EQ65: 0 | ER65: =ES65-EQ65 -> 0 | ES65: 0 | ET65: =EU65-ES65 -> 0 | EU65: 0 | EV65: =EW65-EU65 -> 0 | EW65: 0 | EX65: 0 | EY65: 0 | EZ65: 0 | FA65: 0 | FB65: 0 | FC65: 0 | FD65: 0 | FE65: 0 | FF65: 0 | FG65: 0 | FH65: 0 | FI65: 0 | FJ65: 0
A66: Long-term | B66: 15000 | C66: 15000 | D66: 15000 | E66: 15000 | F66: 18000 | G66: 18000 | H66: 18000 | I66: 18000 | J66: 18000 | K66: 18000 | L66: 18000 | M66: 18000 | N66: 18000 | O66: 18000 | P66: 18000 | Q66: 18000 | R66: 18000 | S66: 18000 | T66: 18000 | U66: 18000 | V66: 18000 | W66: 18000 | X66: 18000 | Y66: 13000 | Z66: 13000 | AA66: 13000 | AB66: 13000 | AC66: 13000 | AD66: 13000 | AE66: 13000 | AF66: 13000 | AG66: 13000 | AH66: 13000 | AI66: 13000 | AJ66: 13000 | AK66: 13000 | AL66: 13000 | AM66: 13000 | AN66: 13000 | AO66: 13000 | AP66: 13000 | AQ66: 13000 | AR66: 13000 | AS66: 13000 | AT66: 13000 | AU66: 13000 | AV66: 13000 | AW66: 13000 | AX66: 13000 | AY66: 13000 | AZ66: 13000 | BA66: 13000 | BB66: 17000 | BC66: 17000 | BD66: 17000 | BE66: 17000 | BF66: 17000 | BG66: 12000 | BH66: 12000 | BI66: 7000 | BJ66: 7000 | BK66: 7000 | BL66: 7000 | BM66: 7000 | BN66: 7000 | BO66: 7000 | BP66: 7000 | BQ66: 7000 | BR66: 7000 | BS66: 7000 | BT66: 7000 | BU66: 7000 | BV66: 7000 | BW66: 7000 | BX66: 7000 | BY66: 7000 | BZ66: 7000 | CA66: 7000 | CB66: 7000 | CC66: 7000 | CD66: 7000 | CE66: 4000 | CF66: 7000 | CG66: 7000 | CH66: 7000 | CI66: 7000 | CJ66: 7282 | CK66: 7343 | CL66: 7043 | CM66: 7101 | CN66: 7157 | CO66: 7215 | CP66: 7273 | CQ66: 7329 | CR66: 7047 | CS66: 7103 | CT66: 7161 | CU66: 7219 | CV66: 7271 | CW66: 7329 | CX66: 7035 | CY66: 7082 | CZ66: 7127 | DA66: 7174 | DB66: 7221 | DC66: 7266 | DD66: 4021 | DE66: 4044 | DF66: 4068 | DG66: 4091 | DH66: 4113 | DI66: 4137 | DJ66: 0 | DK66: 0 | DL66: 0 | DM66: 0 | DN66: 0 | DO66: 0 | DP66: 0 | DQ66: 0 | DR66: 0 | DS66: 0 | DT66: 0 | DU66: 0 | DV66: 0 | DW66: 0 | DX66: 0 | DY66: 0 | DZ66: 0 | EA66: 0 | EB66: 0 | EC66: 0 | ED66: 0 | EE66: 0 | EF66: 0 | EG66: 0 | EH66: 0 | EI66: 0 | EJ66: =EK66-EI66 -> 0 | EK66: 0 | EL66: =EM66-EK66 -> 0 | EM66: 0 | EN66: =EO66-EM66 -> 0 | EO66: 0 | EP66: =EQ66-EO66 -> 0 | EQ66: 0 | ER66: =ES66-EQ66 -> 0 | ES66: 0 | ET66: =EU66-ES66 -> 0 | EU66: 0 | EV66: =EW66-EU66 -> 0 | EW66: 0 | EX66: 0 | EY66: 0 | EZ66: 0 | FA66: 0 | FB66: 0 | FC66: 0 | FD66: 0 | FE66: 0 | FF66: 0 | FG66: 0 | FH66: 0 | FI66: 0 | FJ66: 0
A67: Long term, with a remaining maturity up to and including 1 year | BV67: 0 | BW67: 0 | BX67: 0 | BY67: 0 | BZ67: 0 | CA67: 0 | CB67: 0 | CC67: 0 | CD67: 0 | CE67: 0 | CF67: 0 | CG67: 0 | CH67: 0 | CI67: 0 | CJ67: 0 | CK67: 0 | CL67: 0 | CM67: 0 | CN67: 0 | CO67: 0 | CP67: 0 | CQ67: 0 | CR67: 0 | CS67: 0 | CT67: 0 | CU67: 0 | CV67: 0 | CW67: 0 | CX67: 4019 | CY67: 4043 | CZ67: 4066 | DA67: 4090 | DB67: 4114 | DC67: 4137 | DD67: 4021 | DE67: 4044 | DF67: 4068 | DG67: 4091 | DH67: 4113 | DI67: 4137 | DJ67: 0 | DK67: 0 | DL67: 0 | DM67: 0 | DN67: 0 | DO67: 0 | DP67: 0 | DQ67: 0 | DR67: 0 | DS67: 0 | DT67: 0 | DU67: 0 | DV67: 0 | DW67: 0 | DX67: 0 | DY67: 0 | DZ67: 0 | EA67: 0 | EB67: 0 | EC67: 0 | ED67: 0 | EE67: 0 | EF67: 0 | EG67: 0 | EH67: 0 | EI67: 0 | EJ67: =EK67-EI67 -> 0 | EK67: 0 | EL67: =EM67-EK67 -> 0 | EM67: 0 | EN67: =EO67-EM67 -> 0 | EO67: 0 | EP67: =EQ67-EO67 -> 0 | EQ67: 0 | ER67: =ES67-EQ67 -> 0 | ES67: 0 | ET67: =EU67-ES67 -> 0 | EU67: 0 | EV67: =EW67-EU67 -> 0 | EW67: 0 | EX67: 0 | EY67: 0 | EZ67: 0 | FA67: 0 | FB67: 0 | FC67: 0 | FD67: 0 | FE67: 0 | FF67: 0 | FG67: 0 | FH67: 0 | FI67: 0 | FJ67: 0
A68: Long term, with a remaining maturity more than 1 year | BV68: 7000 | BW68: 7000 | BX68: 7000 | BY68: 7000 | BZ68: 7000 | CA68: 7000 | CB68: 7000 | CC68: 7000 | CD68: 7000 | CE68: 4000 | CF68: 7000 | CG68: 7000 | CH68: 7000 | CI68: 7000 | CJ68: 7282 | CK68: 7343 | CL68: 7043 | CM68: 7101 | CN68: 7157 | CO68: 7215 | CP68: 7273 | CQ68: 7329 | CR68: 7047 | CS68: 7103 | CT68: 7161 | CU68: 7219 | CV68: 7271 | CW68: 7329 | CX68: 3016 | CY68: 3039 | CZ68: 3061 | DA68: 3084 | DB68: 3107 | DC68: 3129 | DD68: 0 | DE68: 0 | DF68: 0 | DG68: 0 | DH68: 0 | DI68: 0 | DJ68: 0 | DK68: 0 | DL68: 0 | DM68: 0 | DN68: 0 | DO68: 0 | DP68: 0 | DQ68: 0 | DR68: 0 | DS68: 0 | DT68: 0 | DU68: 0 | DV68: 0 | DW68: 0 | DX68: 0 | DY68: 0 | DZ68: 0 | EA68: 0 | EB68: 0 | EC68: 0 | ED68: 0 | EE68: 0 | EF68: 0 | EG68: 0 | EH68: 0 | EI68: 0 | EJ68: =EK68-EI68 -> 0 | EK68: 0 | EL68: =EM68-EK68 -> 0 | EM68: 0 | EN68: =EO68-EM68 -> 0 | EO68: 0 | EP68: =EQ68-EO68 -> 0 | EQ68: 0 | ER68: =ES68-EQ68 -> 0 | ES68: 0 | ET68: =EU68-ES68 -> 0 | EU68: 0 | EV68: =EW68-EU68 -> 0 | EW68: 0 | EX68: 0 | EY68: 0 | EZ68: 0 | FA68: 0 | FB68: 0 | FC68: 0 | FD68: 0 | FE68: 0 | FF68: 0 | FG68: 0 | FH68: 0 | FI68: 0 | FJ68: 0
A69: Other financial corporations | B69: 1000807 | C69: 1004200 | D69: 1040003 | E69: 1092607 | F69: 1104599 | G69: 1108197 | H69: 1126298 | I69: 1126898 | J69: 1161562 | K69: 1204080 | L69: 1244529 | M69: 1250218 | N69: 1257196 | O69: 1371683 | P69: 1425820 | Q69: 1396719 | R69: 1437203 | S69: 1423259 | T69: 1411938 | U69: 1612139 | V69: 1594743 | W69: 1587769 | X69: 1582317 | Y69: 1590840 | Z69: 1705173 | AA69: 1721124 | AB69: 1736534 | AC69: 1747744 | AD69: 1762477 | AE69: 1787107 | AF69: 1786341 | AG69: 1828490 | AH69: 1861289 | AI69: 1879721 | AJ69: 1913230 | AK69: 1946283 | AL69: 1964864 | AM69: 1982057 | AN69: 1977812 | AO69: 1995318 | AP69: 2114748 | AQ69: 2129666 | AR69: 2119915 | AS69: 2124171 | AT69: 2122140 | AU69: 2128593 | AV69: 2178381 | AW69: 2177777 | AX69: 2202936 | AY69: 2212631 | AZ69: 2238234 | BA69: 2250112 | BB69: 2269451 | BC69: 2285640 | BD69: 2428205 | BE69: 2422422 | BF69: 2499695 | BG69: 2509026 | BH69: 2505909 | BI69: 2504433 | BJ69: 2518853 | BK69: 2537303 | BL69: 2606454 | BM69: 2597881 | BN69: 2605157 | BO69: 2650878 | BP69: 2592549 | BQ69: 2591589 | BR69: 2577637 | BS69: 2500293 | BT69: 2517741 | BU69: 2479156 | BV69: 2491104 | BW69: 2559237 | BX69: 2603802 | BY69: 2586182 | BZ69: 2598077 | CA69: 2664255 | CB69: 2702457 | CC69: 2687281 | CD69: 2651439 | CE69: 2671210 | CF69: 2777371 | CG69: 2756469 | CH69: 2924276 | CI69: 2903415 | CJ69: 3094234 | CK69: 3037340 | CL69: 3016125 | CM69: 2996721 | CN69: 3052232 | CO69: 3103504 | CP69: 3125931 | CQ69: 3145559 | CR69: 3095577 | CS69: 3220960 | CT69: 3567140 | CU69: 3528193 | CV69: 3524848 | CW69: 3478706 | CX69: 3477432 | CY69: 3569773 | CZ69: 3346350 | DA69: 3345545 | DB69: 3380866 | DC69: 3472765 | DD69: 3537740 | DE69: 3689983 | DF69: 3938599 | DG69: 3929481 | DH69: 3916517 | DI69: 3843340 | DJ69: 3785857 | DK69: 3932388 | DL69: 3899972 | DM69: 4000851 | DN69: 4180581 | DO69: 4281324 | DP69: 4256855 | DQ69: 4516467 | DR69: 4901740 | DS69: 4904138 | DT69: 4870823 | DU69: 4899270 | DV69: 5163043 | DW69: 5164926 | DX69: 5243056 | DY69: 5612777 | DZ69: 6141602 | EA69: 6327476 | EB69: 6316216 | EC69: 6399138 | ED69: 7529949 | EE69: 7568642 | EF69: 7603573 | EG69: 7763130 | EH69: 7892524 | EI69: 8194736 | EJ69: =EK69-EI69 -> 2142 | EK69: 8196878 | EL69: =EM69-EK69 -> 255423 | EM69: 8452301 | EN69: =EO69-EM69 -> 113483 | EO69: 8565784 | EP69: =EQ69-EO69 -> 412284 | EQ69: 8978068 | ER69: =ES69-EQ69 -> 255681 | ES69: 9233749 | ET69: =EU69-ES69 -> -88375 | EU69: 9145374 | EV69: =EW69-EU69 -> 1401889 | EW69: 10547263 | EX69: 10677429 | EY69: 10727413 | EZ69: 10899055 | FA69: 11357038 | FB69: 11301579 | FC69: 11138107 | FD69: 11537601 | FE69: 11742933 | FF69: 11782673 | FG69: 11936672 | FH69: 12052698 | FI69: 13117845 | FJ69: 13081114
A70: Short-term | B70: 0 | C70: 0 | D70: 0 | E70: 0 | F70: 0 | G70: 0 | H70: 0 | I70: 0 | J70: 0 | K70: 0 | L70: 0 | M70: 0 | N70: 0 | O70: 0 | P70: 0 | Q70: 873 | R70: 873 | S70: 873 | T70: 873 | U70: 873 | V70: 873 | W70: 873 | X70: 873 | Y70: 873 | Z70: 0 | AA70: 0 | AB70: 0 | AC70: 0 | AD70: 0 | AE70: 0 | AF70: 0 | AG70: 0 | AH70: 0 | AI70: 0 | AJ70: 0 | AK70: 0 | AL70: 0 | AM70: 0 | AN70: 0 | AO70: 0 | AP70: 0 | AQ70: 0 | AR70: 0 | AS70: 0 | AT70: 0 | AU70: 0 | AV70: 0 | AW70: 30 | AX70: 30 | AY70: 30 | AZ70: 30 | BA70: 80 | BB70: 80 | BC70: 80 | BD70: 108 | BE70: 108 | BF70: 138 | BG70: 138 | BH70: 138 | BI70: 108 | BJ70: 148 | BK70: 28148 | BL70: 47018 | BM70: 50759 | BN70: 56009 | BO70: 91438 | BP70: 40430 | BQ70: 51679 | BR70: 47714 | BS70: 14062 | BT70: 40463 | BU70: 20350 | BV70: 8490 | BW70: 15843 | BX70: 41848 | BY70: 20926 | BZ70: 19810 | CA70: 24243 | CB70: 41838 | CC70: 24530 | CD70: 22111 | CE70: 25272 | CF70: 4785 | CG70: 3127 | CH70: 8142 | CI70: 3356 | CJ70: 42218 | CK70: 1632 | CL70: 167 | CM70: 1832 | CN70: 2454 | CO70: 5231 | CP70: 2929 | CQ70: 6399 | CR70: 7253 | CS70: 8156 | CT70: 8332 | CU70: 8998 | CV70: 15990 | CW70: 14784 | CX70: 19243 | CY70: 22528 | CZ70: 29394 | DA70: 26265 | DB70: 31406 | DC70: 21063 | DD70: 28952 | DE70: 57868 | DF70: 56867 | DG70: 62296 | DH70: 69451 | DI70: 62344 | DJ70: 62788 | DK70: 62604 | DL70: 63029 | DM70: 82530 | DN70: 83132 | DO70: 113361 | DP70: 67147 | DQ70: 57675 | DR70: 63087 | DS70: 72059 | DT70: 53464 | DU70: 54426 | DV70: 55986 | DW70: 59054 | DX70: 78245 | DY70: 64371 | DZ70: 78838 | EA70: 109782 | EB70: 93712 | EC70: 102220 | ED70: 104129 | EE70: 104243 | EF70: 30240 | EG70: 116079 | EH70: 170813 | EI70: 234506 | EJ70: =EK70-EI70 -> -17045 | EK70: 217461 | EL70: =EM70-EK70 -> -46740 | EM70: 170721 | EN70: =EO70-EM70 -> -52763 | EO70: 117958 | EP70: =EQ70-EO70 -> 45688 | EQ70: 163646 | ER70: =ES70-EQ70 -> -55186 | ES70: 108460 | ET70: =EU70-ES70 -> -14562 | EU70: 93898 | EV70: =EW70-EU70 -> 183831 | EW70: 277729 | EX70: 276831 | EY70: 298905 | EZ70: 299602 | FA70: 292991 | FB70: 336652 | FC70: 321031 | FD70: 335805 | FE70: 381242 | FF70: 316462 | FG70: 339918 | FH70: 266369 | FI70: 249910 | FJ70: 264412
A71: Long-term | B71: 1000807 | C71: 1004200 | D71: 1040003 | E71: 1092607 | F71: 1104599 | G71: 1108197 | H71: 1126298 | I71: 1126898 | J71: 1161562 | K71: 1204080 | L71: 1244529 | M71: 1250218 | N71: 1257196 | O71: 1371683 | P71: 1425820 | Q71: 1395846 | R71: 1436330 | S71: 1422386 | T71: 1411065 | U71: 1611266 | V71: 1593871 | W71: 1586896 | X71: 1581444 | Y71: 1589967 | Z71: 1705173 | AA71: 1721124 | AB71: 1736534 | AC71: 1747744 | AD71: 1762477 | AE71: 1787107 | AF71: 1786341 | AG71: 1828490 | AH71: 1861289 | AI71: 1879721 | AJ71: 1913230 | AK71: 1946283 | AL71: 1964864 | AM71: 1982057 | AN71: 1977812 | AO71: 1995318 | AP71: 2114748 | AQ71: 2129666 | AR71: 2119915 | AS71: 2124171 | AT71: 2122140 | AU71: 2128593 | AV71: 2178381 | AW71: 2177747 | AX71: 2202906 | AY71: 2212601 | AZ71: 2238204 | BA71: 2250032 | BB71: 2269371 | BC71: 2285560 | BD71: 2428096 | BE71: 2422314 | BF71: 2499556 | BG71: 2508888 | BH71: 2505771 | BI71: 2504325 | BJ71: 2518705 | BK71: 2509155 | BL71: 2559436 | BM71: 2547121 | BN71: 2549147 | BO71: 2559440 | BP71: 2552119 | BQ71: 2539910 | BR71: 2529923 | BS71: 2486231 | BT71: 2477278 | BU71: 2458806 | BV71: 2482614 | BW71: 2543394 | BX71: 2561955 | BY71: 2565255 | BZ71: 2578267 | CA71: 2640012 | CB71: 2660619 | CC71: 2662752 | CD71: 2629327 | CE71: 2645939 | CF71: 2772586 | CG71: 2753342 | CH71: 2916135 | CI71: 2900058 | CJ71: 3052017 | CK71: 3035708 | CL71: 3015959 | CM71: 2994889 | CN71: 3049778 | CO71: 3098273 | CP71: 3123002 | CQ71: 3139160 | CR71: 3088324 | CS71: 3212804 | CT71: 3558808 | CU71: 3519195 | CV71: 3508859 | CW71: 3463922 | CX71: 3458189 | CY71: 3547246 | CZ71: 3316957 | DA71: 3319280 | DB71: 3349460 | DC71: 3451702 | DD71: 3508788 | DE71: 3632115 | DF71: 3881732 | DG71: 3867185 | DH71: 3847067 | DI71: 3780996 | DJ71: 3723069 | DK71: 3869784 | DL71: 3836943 | DM71: 3918322 | DN71: 4097450 | DO71: 4167963 | DP71: 4189709 | DQ71: 4458792 | DR71: 4838653 | DS71: 4832079 | DT71: 4817359 | DU71: 4844843 | DV71: 5107057 | DW71: 5105872 | DX71: 5164811 | DY71: 5548406 | DZ71: 6062764 | EA71: 6217694 | EB71: 6222504 | EC71: 6296918 | ED71: 7425820 | EE71: 7464400 | EF71: 7573333 | EG71: 7647052 | EH71: 7721711 | EI71: 7960231 | EJ71: =EK71-EI71 -> 19186 | EK71: 7979417 | EL71: =EM71-EK71 -> 302163 | EM71: 8281580 | EN71: =EO71-EM71 -> 166245 | EO71: 8447825 | EP71: =EQ71-EO71 -> 366597 | EQ71: 8814422 | ER71: =ES71-EQ71 -> 310867 | ES71: 9125289 | ET71: =EU71-ES71 -> -73813 | EU71: 9051476 | EV71: =EW71-EU71 -> 1218058 | EW71: 10269534 | EX71: 10400598 | EY71: 10428507 | EZ71: 10599453 | FA71: 11064047 | FB71: 10964927 | FC71: 10817076 | FD71: 11201796 | FE71: 11361691 | FF71: 11466211 | FG71: 11596754 | FH71: 11786328 | FI71: 12867935 | FJ71: 12816703
A72: Long term, with a remaining maturity up to and including 1 year | BV72: 113608 | BW72: 107496 | BX72: 111187 | BY72: 109746 | BZ72: 108094 | CA72: 103108 | CB72: 130664 | CC72: 126213 | CD72: 119789 | CE72: 123703 | CF72: 167803 | CG72: 141423 | CH72: 151606 | CI72: 166606 | CJ72: 174628 | CK72: 215930 | CL72: 307916 | CM72: 307665 | CN72: 539083 | CO72: 547040 | CP72: 563513 | CQ72: 564664 | CR72: 524170 | CS72: 515064 | CT72: 521612 | CU72: 508285 | CV72: 506397 | CW72: 490742 | CX72: 421811 | CY72: 412389 | CZ72: 185875 | DA72: 181566 | DB72: 163050 | DC72: 152532 | DD72: 147279 | DE72: 143186 | DF72: 152160 | DG72: 161808 | DH72: 156718 | DI72: 141245 | DJ72: 118167 | DK72: 126516 | DL72: 133519 | DM72: 167130 | DN72: 167547 | DO72: 163402 | DP72: 163419 | DQ72: 174928 | DR72: 171220 | DS72: 171424 | DT72: 181088 | DU72: 181903 | DV72: 197812 | DW72: 196764 | DX72: 154757 | DY72: 193510 | DZ72: 237599 | EA72: 251131 | EB72: 249872 | EC72: 243842 | ED72: 254800 | EE72: 243399 | EF72: 265813 | EG72: 269144 | EH72: 268179 | EI72: 312698 | EJ72: =EK72-EI72 -> 27624 | EK72: 340322 | EL72: =EM72-EK72 -> -49476 | EM72: 290846 | EN72: =EO72-EM72 -> 108958 | EO72: 399804 | EP72: =EQ72-EO72 -> 8234 | EQ72: 408038 | ER72: =ES72-EQ72 -> 25125 | ES72: 433163 | ET72: =EU72-ES72 -> 34077 | EU72: 467240 | EV72: =EW72-EU72 -> -14675 | EW72: 452565 | EX72: 450603 | EY72: 454453 | EZ72: 452499 | FA72: 554105 | FB72: 521417 | FC72: 520301 | FD72: 671287 | FE72: 777666 | FF72: 787766 | FG72: 899514 | FH72: 874271 | FI72: 810784 | FJ72: 789366
A73: Long term, with a remaining maturity more than 1 year | BV73: 2369007 | BW73: 2435898 | BX73: 2450767 | BY73: 2455509 | BZ73: 2470173 | CA73: 2536904 | CB73: 2529955 | CC73: 2536539 | CD73: 2509538 | CE73: 2522235 | CF73: 2604783 | CG73: 2611919 | CH73: 2764529 | CI73: 2733453 | CJ73: 2877389 | CK73: 2819778 | CL73: 2708043 | CM73: 2687224 | CN73: 2510695 | CO73: 2551233 | CP73: 2559489 | CQ73: 2574496 | CR73: 2564154 | CS73: 2697740 | CT73: 3037196 | CU73: 3010910 | CV73: 3002462 | CW73: 2973180 | CX73: 3036378 | CY73: 3134857 | CZ73: 3131081 | DA73: 3137714 | DB73: 3186410 | DC73: 3299170 | DD73: 3361510 | DE73: 3488929 | DF73: 3729571 | DG73: 3705376 | DH73: 3690349 | DI73: 3639750 | DJ73: 3604902 | DK73: 3743268 | DL73: 3703425 | DM73: 3751192 | DN73: 3929903 | DO73: 4004561 | DP73: 4026289 | DQ73: 4283864 | DR73: 4667433 | DS73: 4660656 | DT73: 4636271 | DU73: 4662941 | DV73: 4909245 | DW73: 4909108 | DX73: 5010054 | DY73: 5354895 | DZ73: 5825166 | EA73: 5966563 | EB73: 5972632 | EC73: 6053076 | ED73: 7171021 | EE73: 7221000 | EF73: 7307520 | EG73: 7377908 | EH73: 7453532 | EI73: 7647532 | EJ73: =EK73-EI73 -> -8437 | EK73: 7639095 | EL73: =EM73-EK73 -> 351639 | EM73: 7990734 | EN73: =EO73-EM73 -> 57287 | EO73: 8048021 | EP73: =EQ73-EO73 -> 358363 | EQ73: 8406384 | ER73: =ES73-EQ73 -> 285741 | ES73: 8692125 | ET73: =EU73-ES73 -> -107889 | EU73: 8584236 | EV73: =EW73-EU73 -> 1232733 | EW73: 9816969 | EX73: 9949995 | EY73: 9974054 | EZ73: 10146954 | FA73: 10509942 | FB73: 10443510 | FC73: 10296776 | FD73: 10530509 | FE73: 10584024 | FF73: 10678445 | FG73: 10697240 | FH73: 10912057 | FI73: 12057151 | FJ73: 12027337
A74: General government | B74: 4414257 | C74: 4335634 | D74: 4282403 | E74: 4233274 | F74: 4369000 | G74: 4407631 | H74: 4415712 | I74: 4450124 | J74: 4510771 | K74: 4569162 | L74: 4695398 | M74: 4794914 | N74: 4859751 | O74: 4871518 | P74: 4897365 | Q74: 4857140 | R74: 4845399 | S74: 4872632 | T74: 4896539 | U74: 4940402 | V74: 4891647 | W74: 4892619 | X74: 4941666 | Y74: 4850684 | Z74: 5892743 | AA74: 5896090 | AB74: 5945218 | AC74: 5791168 | AD74: 5922546 | AE74: 6002123 | AF74: 5864372 | AG74: 6001942 | AH74: 5797610 | AI74: 5829353 | AJ74: 5928899 | AK74: 5962523 | AL74: 6012760 | AM74: 5987965 | AN74: 6014974 | AO74: 6117163 | AP74: 6213669 | AQ74: 6185050 | AR74: 6258021 | AS74: 6327842 | AT74: 6234177 | AU74: 6272802 | AV74: 6304948 | AW74: 6452684 | AX74: 6586035 | AY74: 6705803 | AZ74: 6798908 | BA74: 6947083 | BB74: 6955356 | BC74: 7120151 | BD74: 7116831 | BE74: 7247298 | BF74: 7400303 | BG74: 7572861 | BH74: 7703990 | BI74: 7841254 | BJ74: 7820146 | BK74: 7803508 | BL74: 7931789 | BM74: 7879971 | BN74: 7940867 | BO74: 8029824 | BP74: 8135309 | BQ74: 8263828 | BR74: 8261190 | BS74: 8261275 | BT74: 8332030 | BU74: 8386079 | BV74: 8462574 | BW74: 8526295 | BX74: 8535611 | BY74: 8804502 | BZ74: 9216443 | CA74: 9347918 | CB74: 9456789 | CC74: 9761157 | CD74: 9838512 | CE74: 9945470 | CF74: 10055393 | CG74: 10172539 | CH74: 10146562 | CI74: 10080651 | CJ74: 10546866 | CK74: 10571931 | CL74: 10890323 | CM74: 11057824 | CN74: 11480294 | CO74: 11761318 | CP74: 11943343 | CQ74: 12796005 | CR74: 14292454 | CS74: 15161436 | CT74: 15325835 | CU74: 15362638 | CV74: 15450620 | CW74: 16012522 | CX74: 16398078 | CY74: 16634732 | CZ74: 16847854 | DA74: 17016983 | DB74: 17161723 | DC74: 17352866 | DD74: 17355733 | DE74: 17391259 | DF74: 17081503 | DG74: 17094014 | DH74: 17207907 | DI74: 17205947 | DJ74: 17188490 | DK74: 17239628 | DL74: 17255435 | DM74: 16846975 | DN74: 16837031 | DO74: 16828191 | DP74: 16981939 | DQ74: 18001707 | DR74: 19559128 | DS74: 19643066 | DT74: 19920345 | DU74: 20118883 | DV74: 20356187 | DW74: 20568001 | DX74: 21002129 | DY74: 21156861 | DZ74: 21205518 | EA74: 21322717 | EB74: 21352758 | EC74: 21712808 | ED74: 21852925 | EE74: 22037778 | EF74: 22175359 | EG74: 22333044 | EH74: 22236397 | EI74: 22401262 | EJ74: =EK74-EI74 -> 35700 | EK74: 22436962 | EL74: =EM74-EK74 -> -255543 | EM74: 22181419 | EN74: =EO74-EM74 -> 410443 | EO74: 22591862 | EP74: =EQ74-EO74 -> 166860 | EQ74: 22758722 | ER74: =ES74-EQ74 -> -237343 | ES74: 22521379 | ET74: =EU74-ES74 -> 161828 | EU74: 22683207 | EV74: =EW74-EU74 -> 2135510 | EW74: 24818717 | EX74: 24554436 | EY74: 25405725 | EZ74: 25835272 | FA74: 26134404 | FB74: 26735362 | FC74: 27296405 | FD74: 27678251 | FE74: 28219408 | FF74: 28414190 | FG74: 29352681 | FH74: 31155449 | FI74: 31655502 | FJ74: 31873954
A75: Short-term | B75: 0 | C75: 0 | D75: 0 | E75: 0 | F75: 0 | G75: 0 | H75: 0 | I75: 0 | J75: 0 | K75: 0 | L75: 0 | M75: 0 | N75: 0 | O75: 0 | P75: 0 | Q75: 0 | R75: 0 | S75: 0 | T75: 0 | U75: 0 | V75: 0 | W75: 0 | X75: 0 | Y75: 0 | Z75: 0 | AA75: 0 | AB75: 0 | AC75: 0 | AD75: 0 | AE75: 0 | AF75: 0 | AG75: 0 | AH75: 0 | AI75: 0 | AJ75: 0 | AK75: 0 | AL75: 0 | AM75: 0 | AN75: 0 | AO75: 0 | AP75: 0 | AQ75: 0 | AR75: 0 | AS75: 0 | AT75: 0 | AU75: 0 | AV75: 0 | AW75: 0 | AX75: 0 | AY75: 0 | AZ75: 0 | BA75: 0 | BB75: 0 | BC75: 0 | BD75: 0 | BE75: 0 | BF75: 0 | BG75: 0 | BH75: 0 | BI75: 0 | BJ75: 0 | BK75: 0 | BL75: 0 | BM75: 0 | BN75: 0 | BO75: 0 | BP75: 0 | BQ75: 0 | BR75: 0 | BS75: 0 | BT75: 3000 | BU75: 3000 | BV75: 3000 | BW75: 3000 | BX75: 3000 | BY75: 3000 | BZ75: 3000 | CA75: 3000 | CB75: 3000 | CC75: 3000 | CD75: 3000 | CE75: 3000 | CF75: 0 | CG75: 0 | CH75: 0 | CI75: 0 | CJ75: 0 | CK75: 0 | CL75: 0 | CM75: 0 | CN75: 0 | CO75: 0 | CP75: 0 | CQ75: 0 | CR75: 0 | CS75: 0 | CT75: 0 | CU75: 0 | CV75: 0 | CW75: 0 | CX75: 0 | CY75: 0 | CZ75: 0 | DA75: 0 | DB75: 0 | DC75: 0 | DD75: 0 | DE75: 0 | DF75: 0 | DG75: 0 | DH75: 5363 | DI75: 5416 | DJ75: 5467 | DK75: 5519 | DL75: 5570 | DM75: 5623 | DN75: 5366 | DO75: 5417 | DP75: 5470 | DQ75: 5521 | DR75: 5574 | DS75: 5626 | DT75: 0 | DU75: 0 | DV75: 0 | DW75: 0 | DX75: 0 | DY75: 0 | DZ75: 0 | EA75: 15052 | EB75: 32994 | EC75: 59478 | ED75: 60200 | EE75: 59454 | EF75: 59206 | EG75: 59928 | EH75: 5413 | EI75: 9388 | EJ75: =EK75-EI75 -> -3025 | EK75: 6363 | EL75: =EM75-EK75 -> -2969 | EM75: 3394 | EN75: =EO75-EM75 -> -80 | EO75: 3314 | EP75: =EQ75-EO75 -> 1049 | EQ75: 4363 | ER75: =ES75-EQ75 -> -970 | ES75: 3393 | ET75: =EU75-ES75 -> -3393 | EU75: 0 | EV75: =EW75-EU75 -> 0 | EW75: 0 | EX75: 0 | EY75: 2532 | EZ75: 0 | FA75: 0 | FB75: 2013 | FC75: 0 | FD75: 0 | FE75: 0 | FF75: 0 | FG75: 0 | FH75: 0 | FI75: 0 | FJ75: 0
